"Time (s)";"Recording (a.u.)"
0.000000000E0;-7.727128919E-3
2.083333333E-5;-7.729296107E-3
4.166666667E-5;-8.976860903E-3
6.250000000E-5;-9.955836460E-3
8.333333333E-5;-1.000856701E-2
1.041666667E-4;-1.073886082E-2
1.250000000E-4;-1.268782839E-2
1.458333333E-4;-1.482037175E-2
1.666666667E-4;-1.573600061E-2
1.875000000E-4;-1.462176163E-2
2.083333333E-4;-1.324904244E-2
2.291666667E-4;-1.330485847E-2
2.500000000E-4;-1.315336023E-2
2.708333333E-4;-1.211296674E-2
2.916666667E-4;-1.167681161E-2
3.125000000E-4;-1.078111771E-2
3.333333333E-4;-8.944956586E-3
3.541666667E-4;-8.094244637E-3
3.750000000E-4;-7.991262712E-3
3.958333333E-4;-7.630932610E-3
4.166666667E-4;-7.863604464E-3
4.375000000E-4;-8.898466825E-3
4.583333333E-4;-9.131442755E-3
4.791666667E-4;-8.724647574E-3
5.000000000E-4;-9.030073881E-3
5.208333333E-4;-9.527258575E-3
5.416666667E-4;-1.013109274E-2
5.625000000E-4;-1.170784235E-2
5.833333333E-4;-1.350990403E-2
6.041666667E-4;-1.430463791E-2
6.250000000E-4;-1.450364012E-2
6.458333333E-4;-1.440480910E-2
6.666666667E-4;-1.378977112E-2
6.875000000E-4;-1.376998890E-2
7.083333333E-4;-1.397578977E-2
7.291666667E-4;-1.308768801E-2
7.500000000E-4;-1.274631079E-2
7.708333333E-4;-1.327726431E-2
7.916666667E-4;-1.288250554E-2
8.125000000E-4;-1.249633636E-2
8.333333333E-4;-1.373629551E-2
8.541666667E-4;-1.534125768E-2
8.750000000E-4;-1.597017050E-2
8.958333333E-4;-1.689943485E-2
9.166666667E-4;-1.834550686E-2
9.375000000E-4;-1.901938394E-2
9.583333333E-4;-1.917839050E-2
9.791666667E-4;-1.890845411E-2
1.000000000E-3;-1.753866486E-2
1.020833333E-3;-1.624698378E-2
1.041666667E-3;-1.627569646E-2
1.062500000E-3;-1.545790955E-2
1.083333333E-3;-1.290971972E-2
1.104166667E-3;-1.123658568E-2
1.125000000E-3;-1.078593079E-2
1.145833333E-3;-1.003069989E-2
1.166666667E-3;-9.669474326E-3
1.187500000E-3;-1.094939280E-2
1.208333333E-3;-1.187363826E-2
1.229166667E-3;-1.168777514E-2
1.250000000E-3;-1.251315512E-2
1.270833333E-3;-1.341594476E-2
1.291666667E-3;-1.295848284E-2
1.312500000E-3;-1.181872468E-2
1.333333333E-3;-1.087959670E-2
1.354166667E-3;-1.065465063E-2
1.375000000E-3;-1.041378360E-2
1.395833333E-3;-9.299664758E-3
1.416666667E-3;-7.562645245E-3
1.437500000E-3;-6.379950326E-3
1.458333333E-3;-5.573845468E-3
1.479166667E-3;-3.822138533E-3
1.500000000E-3;-2.246231539E-3
1.520833333E-3;-1.898070681E-3
1.541666667E-3;-1.363885589E-3
1.562500000E-3;9.278572543E-5
1.583333333E-3;1.156147919E-3
1.604166667E-3;1.247609733E-3
1.625000000E-3;1.413149294E-3
1.645833333E-3;1.505983761E-3
1.666666667E-3;8.617305430E-4
1.687500000E-3;3.121368354E-5
1.708333333E-3;-5.180434091E-4
1.729166667E-3;-9.433933883E-4
1.750000000E-3;-7.280364516E-4
1.770833333E-3;1.565948187E-4
1.791666667E-3;6.576810265E-4
1.812500000E-3;1.319356845E-3
1.833333333E-3;2.144503407E-3
1.854166667E-3;1.956555760E-3
1.875000000E-3;1.176595688E-3
1.895833333E-3;6.596565945E-4
1.916666667E-3;8.122340660E-4
1.937500000E-3;1.159425592E-3
1.958333333E-3;1.063698670E-3
1.979166667E-3;2.555370447E-4
2.000000000E-3;-4.584625131E-4
2.020833333E-3;6.237605703E-4
2.041666667E-3;2.084333915E-3
2.062500000E-3;2.558526350E-3
2.083333333E-3;3.527709749E-3
2.104166667E-3;4.783280659E-3
2.125000000E-3;4.968572874E-3
2.145833333E-3;4.218855407E-3
2.166666667E-3;3.469431074E-3
2.187500000E-3;2.672150731E-3
2.208333333E-3;1.598770497E-3
2.229166667E-3;1.020431635E-3
2.250000000E-3;7.427219534E-4
2.270833333E-3;6.393373478E-4
2.291666667E-3;1.354277949E-3
2.312500000E-3;1.873560832E-3
2.333333333E-3;1.399382250E-3
2.354166667E-3;1.242248574E-3
2.375000000E-3;2.550568897E-3
2.395833333E-3;3.958338406E-3
2.416666667E-3;3.939003218E-3
2.437500000E-3;4.135013558E-3
2.458333333E-3;6.004120689E-3
2.479166667E-3;7.773116697E-3
2.500000000E-3;7.580371574E-3
2.520833333E-3;7.135501597E-3
2.541666667E-3;8.115087636E-3
2.562500000E-3;8.923894726E-3
2.583333333E-3;9.281450883E-3
2.604166667E-3;1.016286388E-2
2.625000000E-3;1.034803595E-2
2.645833333E-3;9.350708686E-3
2.666666667E-3;8.549486287E-3
2.687500000E-3;8.074556477E-3
2.708333333E-3;7.215905003E-3
2.729166667E-3;6.332605612E-3
2.750000000E-3;6.719439756E-3
2.770833333E-3;8.145597763E-3
2.791666667E-3;9.388124570E-3
2.812500000E-3;1.104575302E-2
2.833333333E-3;1.307462156E-2
2.854166667E-3;1.454251818E-2
2.875000000E-3;1.574713364E-2
2.895833333E-3;1.699207723E-2
2.916666667E-3;1.779834926E-2
2.937500000E-3;1.779819094E-2
2.958333333E-3;1.764667034E-2
2.979166667E-3;1.744755730E-2
3.000000000E-3;1.645417511E-2
3.020833333E-3;1.550379023E-2
3.041666667E-3;1.581527293E-2
3.062500000E-3;1.586038806E-2
3.083333333E-3;1.422321610E-2
3.104166667E-3;1.316521224E-2
3.125000000E-3;1.442165021E-2
3.145833333E-3;1.646414585E-2
3.166666667E-3;1.810795814E-2
3.187500000E-3;1.995961741E-2
3.208333333E-3;2.121623233E-2
3.229166667E-3;2.050428651E-2
3.250000000E-3;1.913588680E-2
3.270833333E-3;1.851129346E-2
3.291666667E-3;1.810988225E-2
3.312500000E-3;1.724108867E-2
3.333333333E-3;1.568842866E-2
3.354166667E-3;1.333105285E-2
3.375000000E-3;1.135852747E-2
3.395833333E-3;1.091230474E-2
3.416666667E-3;1.010198798E-2
3.437500000E-3;7.832324132E-3
3.458333333E-3;5.542008206E-3
3.479166667E-3;3.658011090E-3
3.500000000E-3;1.864614431E-3
3.520833333E-3;1.840092882E-4
3.541666667E-3;-8.489837055E-4
3.562500000E-3;-1.043394557E-3
3.583333333E-3;-1.109237433E-3
3.604166667E-3;-1.600577962E-3
3.625000000E-3;-2.379083773E-3
3.645833333E-3;-2.634840086E-3
3.666666667E-3;-2.594524063E-3
3.687500000E-3;-3.109637881E-3
3.708333333E-3;-3.413172439E-3
3.729166667E-3;-3.452466102E-3
3.750000000E-3;-5.313039757E-3
3.770833333E-3;-8.371970616E-3
3.791666667E-3;-9.733996354E-3
3.812500000E-3;-9.406563826E-3
3.833333333E-3;-8.886267431E-3
3.854166667E-3;-8.663325571E-3
3.875000000E-3;-8.593509905E-3
3.895833333E-3;-8.642931469E-3
3.916666667E-3;-8.652285673E-3
3.937500000E-3;-8.640679531E-3
3.958333333E-3;-9.169145487E-3
3.979166667E-3;-9.565184824E-3
4.000000000E-3;-9.592505172E-3
4.020833333E-3;-1.074324269E-2
4.041666667E-3;-1.222458202E-2
4.062500000E-3;-1.210736576E-2
4.083333333E-3;-1.174131408E-2
4.104166667E-3;-1.223546732E-2
4.125000000E-3;-1.217146032E-2
4.145833333E-3;-1.123886555E-2
4.166666667E-3;-1.050482225E-2
4.187500000E-3;-9.742560796E-3
4.208333333E-3;-8.094824851E-3
4.229166667E-3;-6.906482857E-3
4.250000000E-3;-7.227911614E-3
4.270833333E-3;-7.987499237E-3
4.291666667E-3;-8.013775572E-3
4.312500000E-3;-7.365555502E-3
4.333333333E-3;-7.181615103E-3
4.354166667E-3;-7.029739674E-3
4.375000000E-3;-6.446106359E-3
4.395833333E-3;-5.506758578E-3
4.416666667E-3;-4.184402060E-3
4.437500000E-3;-3.521783976E-3
4.458333333E-3;-2.517153975E-3
4.479166667E-3;-7.408690290E-4
4.500000000E-3;3.268494329E-4
4.520833333E-3;6.625086535E-4
4.541666667E-3;5.638177390E-4
4.562500000E-3;1.955933985E-4
4.583333333E-3;-6.975212600E-4
4.604166667E-3;-1.691460377E-3
4.625000000E-3;-2.668559551E-3
4.645833333E-3;-4.032111727E-3
4.666666667E-3;-4.809226841E-3
4.687500000E-3;-4.506425466E-3
4.708333333E-3;-4.252441693E-3
4.729166667E-3;-5.624928046E-3
4.750000000E-3;-7.460018620E-3
4.770833333E-3;-8.125275373E-3
4.791666667E-3;-7.778227329E-3
4.812500000E-3;-6.503785029E-3
4.833333333E-3;-6.078585982E-3
4.854166667E-3;-7.630166598E-3
4.875000000E-3;-8.939827792E-3
4.895833333E-3;-8.457408287E-3
4.916666667E-3;-7.930302992E-3
4.937500000E-3;-8.386163041E-3
4.958333333E-3;-8.173650131E-3
4.979166667E-3;-7.681728806E-3
5.000000000E-3;-8.279290050E-3
5.020833333E-3;-8.895147592E-3
5.041666667E-3;-8.608498611E-3
5.062500000E-3;-8.210927248E-3
5.083333333E-3;-8.772942238E-3
5.104166667E-3;-1.008054707E-2
5.125000000E-3;-1.107105706E-2
5.145833333E-3;-1.141758822E-2
5.166666667E-3;-1.164588332E-2
5.187500000E-3;-1.189068146E-2
5.208333333E-3;-1.199135650E-2
5.229166667E-3;-1.251245011E-2
5.250000000E-3;-1.352151297E-2
5.270833333E-3;-1.377786044E-2
5.291666667E-3;-1.336590853E-2
5.312500000E-3;-1.421760488E-2
5.333333333E-3;-1.590386592E-2
5.354166667E-3;-1.653618924E-2
5.375000000E-3;-1.723842509E-2
5.395833333E-3;-1.927459612E-2
5.416666667E-3;-2.088563144E-2
5.437500000E-3;-2.151861228E-2
5.458333333E-3;-2.257554047E-2
5.479166667E-3;-2.281702496E-2
5.500000000E-3;-2.118711732E-2
5.520833333E-3;-1.956303976E-2
5.541666667E-3;-1.863034628E-2
5.562500000E-3;-1.728324406E-2
5.583333333E-3;-1.536822785E-2
5.604166667E-3;-1.409527380E-2
5.625000000E-3;-1.296321303E-2
5.645833333E-3;-1.110158954E-2
5.666666667E-3;-9.798699990E-3
5.687500000E-3;-8.999545127E-3
5.708333333E-3;-7.839217782E-3
5.729166667E-3;-7.370729465E-3
5.750000000E-3;-8.123802021E-3
5.770833333E-3;-8.230471984E-3
5.791666667E-3;-6.964358501E-3
5.812500000E-3;-5.368957762E-3
5.833333333E-3;-3.600025550E-3
5.854166667E-3;-2.554684179E-3
5.875000000E-3;-2.698274329E-3
5.895833333E-3;-2.104479354E-3
5.916666667E-3;4.332163953E-4
5.937500000E-3;3.106105840E-3
5.958333333E-3;4.549837671E-3
5.979166667E-3;6.394418422E-3
6.000000000E-3;8.445915766E-3
6.020833333E-3;8.861775510E-3
6.041666667E-3;8.241198957E-3
6.062500000E-3;8.193329908E-3
6.083333333E-3;9.316527285E-3
6.104166667E-3;1.107645407E-2
6.125000000E-3;1.228731032E-2
6.145833333E-3;1.123631187E-2
6.166666667E-3;9.327849373E-3
6.187500000E-3;9.923661128E-3
6.208333333E-3;1.140367333E-2
6.229166667E-3;1.138996519E-2
6.250000000E-3;1.180959400E-2
6.270833333E-3;1.410870720E-2
6.291666667E-3;1.600115374E-2
6.312500000E-3;1.626344211E-2
6.333333333E-3;1.680260152E-2
6.354166667E-3;1.729508862E-2
6.375000000E-3;1.686484925E-2
6.395833333E-3;1.677194983E-2
6.416666667E-3;1.720716618E-2
6.437500000E-3;1.728182845E-2
6.458333333E-3;1.691010781E-2
6.479166667E-3;1.654017158E-2
6.500000000E-3;1.571403816E-2
6.520833333E-3;1.467031054E-2
6.541666667E-3;1.389368344E-2
6.562500000E-3;1.313151419E-2
6.583333333E-3;1.310706418E-2
6.604166667E-3;1.374450140E-2
6.625000000E-3;1.417046692E-2
6.645833333E-3;1.399895735E-2
6.666666667E-3;1.347123273E-2
6.687500000E-3;1.290371921E-2
6.708333333E-3;1.210967358E-2
6.729166667E-3;1.147657353E-2
6.750000000E-3;1.075141598E-2
6.770833333E-3;9.868616238E-3
6.791666667E-3;9.138791822E-3
6.812500000E-3;7.902928628E-3
6.833333333E-3;5.974036176E-3
6.854166667E-3;4.185059574E-3
6.875000000E-3;3.716571722E-3
6.895833333E-3;3.820021870E-3
6.916666667E-3;4.071098287E-3
6.937500000E-3;5.309406202E-3
6.958333333E-3;5.680548027E-3
6.979166667E-3;4.034422804E-3
7.000000000E-3;3.039438277E-3
7.020833333E-3;4.436135292E-3
7.041666667E-3;5.494556855E-3
7.062500000E-3;4.722671583E-3
7.083333333E-3;4.023905378E-3
7.104166667E-3;3.516846336E-3
7.125000000E-3;3.075798741E-3
7.145833333E-3;2.942143707E-3
7.166666667E-3;2.414464019E-3
7.187500000E-3;1.196543220E-3
7.208333333E-3;1.911786094E-4
7.229166667E-3;8.240475436E-4
7.250000000E-3;1.899121562E-3
7.270833333E-3;2.113647293E-3
7.291666667E-3;2.579084598E-3
7.312500000E-3;3.247771645E-3
7.333333333E-3;3.592603374E-3
7.354166667E-3;4.186660983E-3
7.375000000E-3;5.230640061E-3
7.395833333E-3;6.806087214E-3
7.416666667E-3;9.224495851E-3
7.437500000E-3;1.132347062E-2
7.458333333E-3;1.142389141E-2
7.479166667E-3;1.099194400E-2
7.500000000E-3;1.226855628E-2
7.520833333E-3;1.424332988E-2
7.541666667E-3;1.486703288E-2
7.562500000E-3;1.375616994E-2
7.583333333E-3;1.277964469E-2
7.604166667E-3;1.315676793E-2
7.625000000E-3;1.317466423E-2
7.645833333E-3;1.276732516E-2
7.666666667E-3;1.361984201E-2
7.687500000E-3;1.529465243E-2
7.708333333E-3;1.625554450E-2
7.729166667E-3;1.599935070E-2
7.750000000E-3;1.640911028E-2
7.770833333E-3;1.828379743E-2
7.791666667E-3;1.917145774E-2
7.812500000E-3;1.864314824E-2
7.833333333E-3;1.865571551E-2
7.854166667E-3;1.885395497E-2
7.875000000E-3;1.792237349E-2
7.895833333E-3;1.712124981E-2
7.916666667E-3;1.768406667E-2
7.937500000E-3;1.859761961E-2
7.958333333E-3;1.914418302E-2
7.979166667E-3;1.849101111E-2
8.000000000E-3;1.702717133E-2
8.020833333E-3;1.721705683E-2
8.041666667E-3;1.761431992E-2
8.062500000E-3;1.632071659E-2
8.083333333E-3;1.548253838E-2
8.104166667E-3;1.594526879E-2
8.125000000E-3;1.548450906E-2
8.145833333E-3;1.328193489E-2
8.166666667E-3;1.238593552E-2
8.187500000E-3;1.335401088E-2
8.208333333E-3;1.350444648E-2
8.229166667E-3;1.291256957E-2
8.250000000E-3;1.312735677E-2
8.270833333E-3;1.315945201E-2
8.291666667E-3;1.191353425E-2
8.312500000E-3;1.109734736E-2
8.333333333E-3;1.063393708E-2
8.354166667E-3;9.151187725E-3
8.375000000E-3;6.769006606E-3
8.395833333E-3;4.099574406E-3
8.416666667E-3;2.019878244E-3
8.437500000E-3;7.929952699E-4
8.458333333E-3;-4.450768465E-4
8.479166667E-3;-2.809470519E-3
8.500000000E-3;-4.399675410E-3
8.520833333E-3;-4.121719394E-3
8.541666667E-3;-4.466581158E-3
8.562500000E-3;-5.359052680E-3
8.583333333E-3;-5.156799685E-3
8.604166667E-3;-4.134042654E-3
8.625000000E-3;-4.223583266E-3
8.645833333E-3;-5.994355306E-3
8.666666667E-3;-7.671225350E-3
8.687500000E-3;-7.922281511E-3
8.708333333E-3;-6.875309628E-3
8.729166667E-3;-6.676319987E-3
8.750000000E-3;-7.855113596E-3
8.770833333E-3;-8.805371821E-3
8.791666667E-3;-9.529289789E-3
8.812500000E-3;-1.008475851E-2
8.833333333E-3;-1.022057422E-2
8.854166667E-3;-1.071053836E-2
8.875000000E-3;-1.269057207E-2
8.895833333E-3;-1.513069123E-2
8.916666667E-3;-1.590648852E-2
8.937500000E-3;-1.531041693E-2
8.958333333E-3;-1.462769229E-2
8.979166667E-3;-1.404954400E-2
9.000000000E-3;-1.288512535E-2
9.020833333E-3;-1.174109615E-2
9.041666667E-3;-1.078072377E-2
9.062500000E-3;-8.818863891E-3
9.083333333E-3;-7.378551643E-3
9.104166667E-3;-7.611812092E-3
9.125000000E-3;-7.863502018E-3
9.145833333E-3;-7.649084553E-3
9.166666667E-3;-8.374365047E-3
9.187500000E-3;-9.960493073E-3
9.208333333E-3;-1.133847330E-2
9.229166667E-3;-1.254248060E-2
9.250000000E-3;-1.327128243E-2
9.270833333E-3;-1.351993531E-2
9.291666667E-3;-1.360081136E-2
9.312500000E-3;-1.314844750E-2
9.333333333E-3;-1.202603616E-2
9.354166667E-3;-1.082086656E-2
9.375000000E-3;-1.029640529E-2
9.395833333E-3;-1.015712135E-2
9.416666667E-3;-1.042260788E-2
9.437500000E-3;-1.136258617E-2
9.458333333E-3;-1.167208143E-2
9.479166667E-3;-1.081820391E-2
9.500000000E-3;-1.039569173E-2
9.520833333E-3;-1.116422098E-2
9.541666667E-3;-1.181691233E-2
9.562500000E-3;-1.165183727E-2
9.583333333E-3;-1.076793950E-2
9.604166667E-3;-9.341056459E-3
9.625000000E-3;-8.082433604E-3
9.645833333E-3;-7.337713148E-3
9.666666667E-3;-6.164499093E-3
9.687500000E-3;-4.866403993E-3
9.708333333E-3;-5.849263165E-3
9.729166667E-3;-7.422462106E-3
9.750000000E-3;-6.750773173E-3
9.770833333E-3;-5.806949455E-3
9.791666667E-3;-6.464108359E-3
9.812500000E-3;-7.927748375E-3
9.833333333E-3;-8.858163841E-3
9.854166667E-3;-1.007037796E-2
9.875000000E-3;-1.215394959E-2
9.895833333E-3;-1.276501175E-2
9.916666667E-3;-1.246786956E-2
9.937500000E-3;-1.431384217E-2
9.958333333E-3;-1.712015085E-2
9.979166667E-3;-1.768500917E-2
1.000000000E-2;-1.678187773E-2
1.002083333E-2;-1.711010933E-2
1.004166667E-2;-1.774127781E-2
1.006250000E-2;-1.689652912E-2
1.008333333E-2;-1.544427685E-2
1.010416667E-2;-1.386287529E-2
1.012500000E-2;-1.239479892E-2
1.014583333E-2;-1.179960649E-2
1.016666667E-2;-1.152479835E-2
1.018750000E-2;-1.083583757E-2
1.020833333E-2;-1.068781596E-2
1.022916667E-2;-1.191534474E-2
1.025000000E-2;-1.275158953E-2
1.027083333E-2;-1.212975197E-2
1.029166667E-2;-1.190965157E-2
1.031250000E-2;-1.258766465E-2
1.033333333E-2;-1.277070772E-2
1.035416667E-2;-1.218766440E-2
1.037500000E-2;-1.111000590E-2
1.039583333E-2;-8.755760267E-3
1.041666667E-2;-5.679705646E-3
1.043750000E-2;-4.795246292E-3
1.045833333E-2;-5.431189202E-3
1.047916667E-2;-4.039912019E-3
1.050000000E-2;-1.960298978E-3
1.052083333E-2;-2.399237128E-3
1.054166667E-2;-3.237988800E-3
1.056250000E-2;-2.151362132E-3
1.058333333E-2;-1.887512975E-3
1.060416667E-2;-2.948053647E-3
1.062500000E-2;-2.743003657E-3
1.064583333E-2;-1.710894285E-3
1.066666667E-2;-1.741120592E-3
1.068750000E-2;-2.782496158E-3
1.070833333E-2;-3.378986847E-3
1.072916667E-2;-3.420664929E-3
1.075000000E-2;-3.463949310E-3
1.077083333E-2;-3.462561406E-3
1.079166667E-2;-3.400690155E-3
1.081250000E-2;-2.561952686E-3
1.083333333E-2;-5.493185599E-4
1.085416667E-2;8.223760524E-4
1.087500000E-2;5.075303488E-4
1.089583333E-2;1.130212913E-3
1.091666667E-2;3.594601527E-3
1.093750000E-2;5.002836697E-3
1.095833333E-2;5.262517370E-3
1.097916667E-2;6.033435930E-3
1.100000000E-2;6.505389698E-3
1.102083333E-2;6.205036771E-3
1.104166667E-2;5.780652631E-3
1.106250000E-2;6.572888698E-3
1.108333333E-2;8.590129204E-3
1.110416667E-2;9.519611485E-3
1.112500000E-2;9.090642445E-3
1.114583333E-2;9.079388343E-3
1.116666667E-2;1.007656753E-2
1.118750000E-2;1.003314089E-2
1.120833333E-2;8.876470849E-3
1.122916667E-2;9.285080247E-3
1.125000000E-2;9.694127366E-3
1.127083333E-2;7.750410121E-3
1.129166667E-2;6.043928210E-3
1.131250000E-2;6.548866164E-3
1.133333333E-2;6.376689766E-3
1.135416667E-2;4.089192487E-3
1.137500000E-2;2.763269935E-3
1.139583333E-2;3.648609156E-3
1.141666667E-2;4.629104398E-3
1.143750000E-2;4.447354935E-3
1.145833333E-2;3.542264923E-3
1.147916667E-2;3.368275939E-3
1.150000000E-2;4.628638737E-3
1.152083333E-2;5.124651827E-3
1.154166667E-2;4.111695103E-3
1.156250000E-2;4.172262736E-3
1.158333333E-2;6.103087217E-3
1.160416667E-2;7.297946606E-3
1.162500000E-2;6.856245454E-3
1.164583333E-2;7.036333904E-3
1.166666667E-2;7.723353803E-3
1.168750000E-2;7.603810634E-3
1.170833333E-2;7.348831743E-3
1.172916667E-2;8.045110852E-3
1.175000000E-2;9.326666594E-3
1.177083333E-2;9.750198573E-3
1.179166667E-2;9.629217908E-3
1.181250000E-2;9.271736257E-3
1.183333333E-2;8.431657217E-3
1.185416667E-2;7.820826955E-3
1.187500000E-2;7.922412828E-3
1.189583333E-2;9.130977094E-3
1.191666667E-2;1.005039178E-2
1.193750000E-2;8.795527741E-3
1.195833333E-2;7.002588827E-3
1.197916667E-2;6.900281645E-3
1.200000000E-2;7.670964580E-3
1.202083333E-2;7.380608935E-3
1.204166667E-2;6.810341030E-3
1.206250000E-2;7.700163871E-3
1.208333333E-2;8.363051340E-3
1.210416667E-2;7.376242895E-3
1.212500000E-2;6.293723825E-3
1.214583333E-2;5.714724772E-3
1.216666667E-2;5.237037782E-3
1.218750000E-2;5.221778993E-3
1.220833333E-2;5.723054521E-3
1.222916667E-2;5.655842833E-3
1.225000000E-2;4.456701688E-3
1.227083333E-2;3.207448637E-3
1.229166667E-2;2.729917178E-3
1.231250000E-2;2.939594211E-3
1.233333333E-2;2.752408618E-3
1.235416667E-2;1.165819354E-3
1.237500000E-2;-5.320338096E-5
1.239583333E-2;6.806965685E-4
1.241666667E-2;1.707991585E-3
1.243750000E-2;1.468012924E-3
1.245833333E-2;1.004591002E-3
1.247916667E-2;1.517282450E-3
1.250000000E-2;1.984629314E-3
1.252083333E-2;1.630661427E-3
1.254166667E-2;1.047268161E-3
1.256250000E-2;-1.533273171E-4
1.258333333E-2;-2.061187290E-3
1.260416667E-2;-3.247436136E-3
1.262500000E-2;-3.231611801E-3
1.264583333E-2;-3.019409720E-3
1.266666667E-2;-3.340915311E-3
1.268750000E-2;-4.043981433E-3
1.270833333E-2;-4.424878862E-3
1.272916667E-2;-3.675171174E-3
1.275000000E-2;-2.875717822E-3
1.277083333E-2;-3.532958915E-3
1.279166667E-2;-3.976887558E-3
1.281250000E-2;-3.719524713E-3
1.283333333E-2;-4.529636819E-3
1.285416667E-2;-5.454192404E-3
1.287500000E-2;-5.268735345E-3
1.289583333E-2;-5.768837407E-3
1.291666667E-2;-7.738252636E-3
1.293750000E-2;-8.497427218E-3
1.295833333E-2;-7.752738427E-3
1.297916667E-2;-7.716483902E-3
1.300000000E-2;-7.939992473E-3
1.302083333E-2;-7.872245274E-3
1.304166667E-2;-8.057824336E-3
1.306250000E-2;-8.296080865E-3
1.308333333E-2;-8.445073850E-3
1.310416667E-2;-8.807472885E-3
1.312500000E-2;-8.742802776E-3
1.314583333E-2;-7.141038310E-3
1.316666667E-2;-5.603712983E-3
1.318750000E-2;-5.579991266E-3
1.320833333E-2;-4.963295534E-3
1.322916667E-2;-3.529330250E-3
1.325000000E-2;-3.361024661E-3
1.327083333E-2;-3.106720513E-3
1.329166667E-2;-1.195584075E-3
1.331250000E-2;8.934734797E-5
1.333333333E-2;-3.127160016E-4
1.335416667E-2;-9.712945321E-4
1.337500000E-2;-1.472304924E-3
1.339583333E-2;-1.754285186E-3
1.341666667E-2;-1.656963839E-3
1.343750000E-2;-1.596037066E-3
1.345833333E-2;-1.143538277E-3
1.347916667E-2;6.369979237E-4
1.350000000E-2;1.909114188E-3
1.352083333E-2;2.162841614E-3
1.354166667E-2;3.677662229E-3
1.356250000E-2;4.916835111E-3
1.358333333E-2;4.379482474E-3
1.360416667E-2;4.141536541E-3
1.362500000E-2;5.455376115E-3
1.364583333E-2;6.064049434E-3
1.366666667E-2;4.456782248E-3
1.368750000E-2;3.295520321E-3
1.370833333E-2;2.968763234E-3
1.372916667E-2;1.739124767E-3
1.375000000E-2;2.804019095E-5
1.377083333E-2;-1.270391862E-3
1.379166667E-2;-1.392601756E-3
1.381250000E-2;-4.017333849E-4
1.383333333E-2;-1.963142713E-4
1.385416667E-2;-1.635103486E-3
1.387500000E-2;-2.208509017E-3
1.389583333E-2;-1.318833558E-3
1.391666667E-2;-1.269748551E-3
1.393750000E-2;-1.925360877E-3
1.395833333E-2;-1.761454041E-3
1.397916667E-2;-1.207484980E-3
1.400000000E-2;-1.900193281E-3
1.402083333E-2;-3.457805607E-3
1.404166667E-2;-4.295716528E-3
1.406250000E-2;-4.433937371E-3
1.408333333E-2;-4.489173181E-3
1.410416667E-2;-5.235261749E-3
1.412500000E-2;-6.691987626E-3
1.414583333E-2;-7.811015937E-3
1.416666667E-2;-8.619689383E-3
1.418750000E-2;-8.976172656E-3
1.420833333E-2;-8.480681106E-3
1.422916667E-2;-7.985905744E-3
1.425000000E-2;-8.360601030E-3
1.427083333E-2;-9.214694612E-3
1.429166667E-2;-9.145132266E-3
1.431250000E-2;-8.952110074E-3
1.433333333E-2;-1.000743173E-2
1.435416667E-2;-1.040899009E-2
1.437500000E-2;-9.686348028E-3
1.439583333E-2;-9.940169752E-3
1.441666667E-2;-1.143135596E-2
1.443750000E-2;-1.257041935E-2
1.445833333E-2;-1.314209215E-2
1.447916667E-2;-1.497671288E-2
1.450000000E-2;-1.778588630E-2
1.452083333E-2;-1.952073164E-2
1.454166667E-2;-1.985381357E-2
1.456250000E-2;-1.986558177E-2
1.458333333E-2;-2.031230181E-2
1.460416667E-2;-2.076474018E-2
1.462500000E-2;-2.010198496E-2
1.464583333E-2;-1.838873699E-2
1.466666667E-2;-1.723329164E-2
1.468750000E-2;-1.617744192E-2
1.470833333E-2;-1.364839450E-2
1.472916667E-2;-1.060050260E-2
1.475000000E-2;-8.874277584E-3
1.477083333E-2;-8.247159421E-3
1.479166667E-2;-7.049239241E-3
1.481250000E-2;-5.696343724E-3
1.483333333E-2;-5.602017045E-3
1.485416667E-2;-6.274894346E-3
1.487500000E-2;-6.692780182E-3
1.489583333E-2;-6.677658297E-3
1.491666667E-2;-7.002465427E-3
1.493750000E-2;-7.339535747E-3
1.495833333E-2;-6.244967226E-3
1.497916667E-2;-4.285700619E-3
1.500000000E-2;-2.829153556E-3
1.502083333E-2;-1.574178110E-3
1.504166667E-2;7.494555903E-4
1.506250000E-2;3.578679403E-3
1.508333333E-2;5.469666328E-3
1.510416667E-2;7.557881530E-3
1.512500000E-2;1.020293217E-2
1.514583333E-2;1.203435846E-2
1.516666667E-2;1.295369212E-2
1.518750000E-2;1.373744383E-2
1.520833333E-2;1.508135162E-2
1.522916667E-2;1.630335487E-2
1.525000000E-2;1.640409604E-2
1.527083333E-2;1.568531990E-2
1.529166667E-2;1.528660953E-2
1.531250000E-2;1.530629676E-2
1.533333333E-2;1.442194637E-2
1.535416667E-2;1.301061269E-2
1.537500000E-2;1.283728331E-2
1.539583333E-2;1.383847464E-2
1.541666667E-2;1.361200958E-2
1.543750000E-2;1.210233849E-2
1.545833333E-2;1.238458883E-2
1.547916667E-2;1.402676757E-2
1.550000000E-2;1.463605464E-2
1.552083333E-2;1.476771850E-2
1.554166667E-2;1.555754989E-2
1.556250000E-2;1.597545110E-2
1.558333333E-2;1.495263912E-2
1.560416667E-2;1.413825899E-2
1.562500000E-2;1.439898927E-2
1.564583333E-2;1.425390039E-2
1.566666667E-2;1.362968795E-2
1.568750000E-2;1.345819514E-2
1.570833333E-2;1.319584344E-2
1.572916667E-2;1.193661336E-2
1.575000000E-2;1.083712280E-2
1.577083333E-2;1.106554642E-2
1.579166667E-2;1.131709199E-2
1.581250000E-2;1.083713118E-2
1.583333333E-2;1.036153920E-2
1.585416667E-2;9.397376329E-3
1.587500000E-2;7.787766866E-3
1.589583333E-2;6.633568089E-3
1.591666667E-2;5.875628442E-3
1.593750000E-2;5.102892872E-3
1.595833333E-2;4.018945619E-3
1.597916667E-2;2.580193337E-3
1.600000000E-2;1.501560211E-3
1.602083333E-2;6.167688407E-4
1.604166667E-2;-3.443614405E-4
1.606250000E-2;-1.134933089E-3
1.608333333E-2;-2.010834636E-3
1.610416667E-2;-3.041460644E-3
1.612500000E-2;-3.791564843E-3
1.614583333E-2;-4.024719819E-3
1.616666667E-2;-4.526595585E-3
1.618750000E-2;-5.449624266E-3
1.620833333E-2;-5.205990281E-3
1.622916667E-2;-4.561349750E-3
1.625000000E-2;-5.534944125E-3
1.627083333E-2;-6.245290395E-3
1.629166667E-2;-5.213169381E-3
1.631250000E-2;-4.437844735E-3
1.633333333E-2;-4.372118972E-3
1.635416667E-2;-3.393552965E-3
1.637500000E-2;-1.856585732E-3
1.639583333E-2;-1.373405568E-3
1.641666667E-2;-1.034513582E-3
1.643750000E-2;6.047112402E-4
1.645833333E-2;1.890216838E-3
1.647916667E-2;1.604845515E-3
1.650000000E-2;1.853607711E-3
1.652083333E-2;3.144418122E-3
1.654166667E-2;3.851094982E-3
1.656250000E-2;4.982525017E-3
1.658333333E-2;7.262515370E-3
1.660416667E-2;8.598739281E-3
1.662500000E-2;8.978442289E-3
1.664583333E-2;9.167053737E-3
1.666666667E-2;8.670813404E-3
1.668750000E-2;8.507679217E-3
1.670833333E-2;9.150802158E-3
1.672916667E-2;9.524888359E-3
1.675000000E-2;9.279192425E-3
1.677083333E-2;9.952568449E-3
1.679166667E-2;1.186477300E-2
1.681250000E-2;1.331109647E-2
1.683333333E-2;1.404290367E-2
1.685416667E-2;1.440312713E-2
1.687500000E-2;1.495188847E-2
1.689583333E-2;1.623489149E-2
1.691666667E-2;1.775703020E-2
1.693750000E-2;1.870958507E-2
1.695833333E-2;1.887377538E-2
1.697916667E-2;1.878086664E-2
1.700000000E-2;1.862963662E-2
1.702083333E-2;1.830803417E-2
1.704166667E-2;1.825138554E-2
1.706250000E-2;1.885011047E-2
1.708333333E-2;1.912512816E-2
1.710416667E-2;1.933034137E-2
1.712500000E-2;1.998172514E-2
1.714583333E-2;1.964336075E-2
1.716666667E-2;1.896189339E-2
1.718750000E-2;1.901572011E-2
1.720833333E-2;1.899152994E-2
1.722916667E-2;1.863195002E-2
1.725000000E-2;1.829767972E-2
1.727083333E-2;1.782237925E-2
1.729166667E-2;1.677434891E-2
1.731250000E-2;1.574600674E-2
1.733333333E-2;1.491195709E-2
1.735416667E-2;1.359785255E-2
1.737500000E-2;1.258068532E-2
1.739583333E-2;1.243391261E-2
1.741666667E-2;1.202618610E-2
1.743750000E-2;1.079048961E-2
1.745833333E-2;9.185607545E-3
1.747916667E-2;6.860441994E-3
1.750000000E-2;4.627318121E-3
1.752083333E-2;4.329974297E-3
1.754166667E-2;4.563955124E-3
1.756250000E-2;3.622814314E-3
1.758333333E-2;2.685863292E-3
1.760416667E-2;2.944799606E-3
1.762500000E-2;3.496881342E-3
1.764583333E-2;3.459458007E-3
1.766666667E-2;3.741360269E-3
1.768750000E-2;3.635432571E-3
1.770833333E-2;2.187241334E-3
1.772916667E-2;7.621135446E-4
1.775000000E-2;2.749672567E-4
1.777083333E-2;3.249779693E-4
1.779166667E-2;-5.884786951E-4
1.781250000E-2;-2.635708312E-3
1.783333333E-2;-3.673482686E-3
1.785416667E-2;-3.238037461E-3
1.787500000E-2;-3.776627826E-3
1.789583333E-2;-5.302755628E-3
1.791666667E-2;-4.608840216E-3
1.793750000E-2;-2.850681543E-3
1.795833333E-2;-3.870856483E-3
1.797916667E-2;-6.159199402E-3
1.800000000E-2;-6.256330758E-3
1.802083333E-2;-6.186633371E-3
1.804166667E-2;-8.150299080E-3
1.806250000E-2;-9.206869639E-3
1.808333333E-2;-8.780589327E-3
1.810416667E-2;-9.497235529E-3
1.812500000E-2;-1.064605173E-2
1.814583333E-2;-1.069864351E-2
1.816666667E-2;-1.072528400E-2
1.818750000E-2;-1.095652673E-2
1.820833333E-2;-1.057725213E-2
1.822916667E-2;-1.037554815E-2
1.825000000E-2;-1.032682788E-2
1.827083333E-2;-9.688029997E-3
1.829166667E-2;-9.821267799E-3
1.831250000E-2;-1.134268008E-2
1.833333333E-2;-1.235693600E-2
1.835416667E-2;-1.229079720E-2
1.837500000E-2;-1.225033030E-2
1.839583333E-2;-1.229866035E-2
1.841666667E-2;-1.214162353E-2
1.843750000E-2;-1.203248091E-2
1.845833333E-2;-1.273963135E-2
1.847916667E-2;-1.369291823E-2
1.850000000E-2;-1.309397724E-2
1.852083333E-2;-1.148490608E-2
1.854166667E-2;-1.076650713E-2
1.856250000E-2;-1.135598123E-2
1.858333333E-2;-1.154636871E-2
1.860416667E-2;-1.062975451E-2
1.862500000E-2;-1.086157933E-2
1.864583333E-2;-1.229971368E-2
1.866666667E-2;-1.311498787E-2
1.868750000E-2;-1.371026319E-2
1.870833333E-2;-1.470053755E-2
1.872916667E-2;-1.497406885E-2
1.875000000E-2;-1.412120182E-2
1.877083333E-2;-1.421050820E-2
1.879166667E-2;-1.512347814E-2
1.881250000E-2;-1.504721865E-2
1.883333333E-2;-1.531298552E-2
1.885416667E-2;-1.598404348E-2
1.887500000E-2;-1.548211277E-2
1.889583333E-2;-1.447656937E-2
1.891666667E-2;-1.423650980E-2
1.893750000E-2;-1.443287637E-2
1.895833333E-2;-1.419450436E-2
1.897916667E-2;-1.470983401E-2
1.900000000E-2;-1.551388390E-2
1.902083333E-2;-1.541334391E-2
1.904166667E-2;-1.611388847E-2
1.906250000E-2;-1.707566530E-2
1.908333333E-2;-1.712440513E-2
1.910416667E-2;-1.756638661E-2
1.912500000E-2;-1.876298524E-2
1.914583333E-2;-1.892530173E-2
1.916666667E-2;-1.743013039E-2
1.918750000E-2;-1.628383063E-2
1.920833333E-2;-1.559403352E-2
1.922916667E-2;-1.458201557E-2
1.925000000E-2;-1.359802019E-2
1.927083333E-2;-1.268723235E-2
1.929166667E-2;-1.216749102E-2
1.931250000E-2;-1.126137935E-2
1.933333333E-2;-9.666978382E-3
1.935416667E-2;-9.291811846E-3
1.937500000E-2;-1.043605898E-2
1.939583333E-2;-1.049355697E-2
1.941666667E-2;-9.384368546E-3
1.943750000E-2;-9.661720134E-3
1.945833333E-2;-1.009319909E-2
1.947916667E-2;-8.828073740E-3
1.950000000E-2;-7.953176275E-3
1.952083333E-2;-8.445603773E-3
1.954166667E-2;-7.958780974E-3
1.956250000E-2;-6.530222949E-3
1.958333333E-2;-6.427683868E-3
1.960416667E-2;-6.857250817E-3
1.962500000E-2;-6.444861181E-3
1.964583333E-2;-5.161173642E-3
1.966666667E-2;-3.042172873E-3
1.968750000E-2;-1.175608719E-3
1.970833333E-2;-2.815616899E-4
1.972916667E-2;6.984520496E-6
1.975000000E-2;5.366250407E-4
1.977083333E-2;1.293743029E-3
1.979166667E-2;1.232680981E-3
1.981250000E-2;1.408953918E-3
1.983333333E-2;2.434100956E-3
1.985416667E-2;2.895476064E-3
1.987500000E-2;2.826399403E-3
1.989583333E-2;2.428100212E-3
1.991666667E-2;1.691069221E-3
1.993750000E-2;1.241366030E-3
1.995833333E-2;8.640044834E-4
1.997916667E-2;3.461198357E-4
2.000000000E-2;9.926693019E-5
2.002083333E-2;8.796003385E-5
2.004166667E-2;-2.981720027E-4
2.006250000E-2;-6.132365088E-4
2.008333333E-2;2.341020445E-5
2.010416667E-2;6.471022498E-4
2.012500000E-2;5.270153633E-4
2.014583333E-2;5.347007027E-5
2.016666667E-2;-3.523074847E-4
2.018750000E-2;-6.189183914E-4
2.020833333E-2;-6.102029001E-4
2.022916667E-2;8.356952458E-4
2.025000000E-2;2.664545318E-3
2.027083333E-2;2.857184270E-3
2.029166667E-2;2.905186499E-3
2.031250000E-2;3.943444230E-3
2.033333333E-2;4.778556526E-3
2.035416667E-2;5.569328088E-3
2.037500000E-2;6.785308942E-3
2.039583333E-2;7.015240844E-3
2.041666667E-2;5.959551316E-3
2.043750000E-2;4.936977755E-3
2.045833333E-2;4.287301097E-3
2.047916667E-2;3.700631438E-3
2.050000000E-2;3.338105977E-3
2.052083333E-2;3.150335513E-3
2.054166667E-2;2.691594884E-3
2.056250000E-2;2.216456458E-3
2.058333333E-2;2.355810022E-3
2.060416667E-2;2.979728160E-3
2.062500000E-2;3.836234100E-3
2.064583333E-2;4.945747554E-3
2.066666667E-2;5.744057707E-3
2.068750000E-2;6.211148109E-3
2.070833333E-2;7.150549442E-3
2.072916667E-2;8.250855841E-3
2.075000000E-2;8.559310809E-3
2.077083333E-2;8.704456501E-3
2.079166667E-2;9.604107589E-3
2.081250000E-2;9.990614839E-3
2.083333333E-2;9.136862122E-3
2.085416667E-2;8.366997354E-3
2.087500000E-2;8.417125791E-3
2.089583333E-2;8.909721859E-3
2.091666667E-2;8.937703446E-3
2.093750000E-2;8.144797757E-3
2.095833333E-2;8.146516979E-3
2.097916667E-2;9.600433521E-3
2.100000000E-2;1.048338041E-2
2.102083333E-2;1.040944457E-2
2.104166667E-2;1.093160734E-2
2.106250000E-2;1.253477577E-2
2.108333333E-2;1.437631436E-2
2.110416667E-2;1.572399586E-2
2.112500000E-2;1.697712578E-2
2.114583333E-2;1.777454093E-2
2.116666667E-2;1.779862493E-2
2.118750000E-2;1.772692986E-2
2.120833333E-2;1.759397611E-2
2.122916667E-2;1.742371544E-2
2.125000000E-2;1.675270125E-2
2.127083333E-2;1.567814127E-2
2.129166667E-2;1.495204493E-2
2.131250000E-2;1.404180843E-2
2.133333333E-2;1.229878329E-2
2.135416667E-2;1.043675747E-2
2.137500000E-2;9.846425615E-3
2.139583333E-2;9.716238827E-3
2.141666667E-2;8.833069354E-3
2.143750000E-2;8.255867288E-3
2.145833333E-2;8.821490221E-3
2.147916667E-2;9.628430009E-3
2.150000000E-2;9.091755375E-3
2.152083333E-2;7.841180079E-3
2.154166667E-2;7.521849591E-3
2.156250000E-2;7.511062082E-3
2.158333333E-2;6.415218581E-3
2.160416667E-2;4.581216257E-3
2.162500000E-2;3.678891575E-3
2.164583333E-2;3.449108452E-3
2.166666667E-2;2.550088102E-3
2.168750000E-2;1.498289639E-3
2.170833333E-2;1.103834715E-3
2.172916667E-2;5.141805741E-4
2.175000000E-2;-8.201131132E-4
2.177083333E-2;-1.534184907E-3
2.179166667E-2;-1.382151735E-3
2.181250000E-2;-1.534997835E-3
2.183333333E-2;-2.394256182E-3
2.185416667E-2;-3.156197257E-3
2.187500000E-2;-3.221716732E-3
2.189583333E-2;-3.652268555E-3
2.191666667E-2;-4.604474641E-3
2.193750000E-2;-5.428598728E-3
2.195833333E-2;-6.218820810E-3
2.197916667E-2;-6.898828316E-3
2.200000000E-2;-6.927190349E-3
2.202083333E-2;-6.535076071E-3
2.204166667E-2;-6.852304097E-3
2.206250000E-2;-7.451910526E-3
2.208333333E-2;-7.639213931E-3
2.210416667E-2;-7.788538933E-3
2.212500000E-2;-8.261759765E-3
2.214583333E-2;-8.804009296E-3
2.216666667E-2;-8.752000518E-3
2.218750000E-2;-8.557556197E-3
2.220833333E-2;-8.651119657E-3
2.222916667E-2;-8.387087844E-3
2.225000000E-2;-7.679619826E-3
2.227083333E-2;-6.916445214E-3
2.229166667E-2;-6.163039245E-3
2.231250000E-2;-5.376865622E-3
2.233333333E-2;-4.567561205E-3
2.235416667E-2;-4.141313490E-3
2.237500000E-2;-3.749459283E-3
2.239583333E-2;-2.767633880E-3
2.241666667E-2;-2.277495107E-3
2.243750000E-2;-2.543574199E-3
2.245833333E-2;-2.416263102E-3
2.247916667E-2;-1.568173291E-3
2.250000000E-2;-9.117081063E-4
2.252083333E-2;-6.809508777E-4
2.254166667E-2;2.482687123E-4
2.256250000E-2;8.314676816E-4
2.258333333E-2;-2.278641186E-4
2.260416667E-2;-1.824320410E-3
2.262500000E-2;-2.342054155E-3
2.264583333E-2;-1.626475365E-3
2.266666667E-2;-1.110288198E-3
2.268750000E-2;-8.197853458E-4
2.270833333E-2;-7.357849972E-4
2.272916667E-2;-1.568205305E-3
2.275000000E-2;-2.483830322E-3
2.277083333E-2;-2.404741943E-3
2.279166667E-2;-1.789692207E-3
2.281250000E-2;-1.867344836E-3
2.283333333E-2;-2.364753280E-3
2.285416667E-2;-2.700739540E-3
2.287500000E-2;-3.394608386E-3
2.289583333E-2;-4.191303626E-3
2.291666667E-2;-4.444346298E-3
2.293750000E-2;-4.559945781E-3
2.295833333E-2;-4.872195888E-3
2.297916667E-2;-4.794541281E-3
2.300000000E-2;-4.153495654E-3
2.302083333E-2;-3.960686736E-3
2.304166667E-2;-4.306185525E-3
2.306250000E-2;-4.221945535E-3
2.308333333E-2;-4.285415169E-3
2.310416667E-2;-5.069912877E-3
2.312500000E-2;-6.014313549E-3
2.314583333E-2;-6.670122966E-3
2.316666667E-2;-7.384535857E-3
2.318750000E-2;-8.836169727E-3
2.320833333E-2;-9.761242196E-3
2.322916667E-2;-9.979446419E-3
2.325000000E-2;-1.061650645E-2
2.327083333E-2;-1.094016060E-2
2.329166667E-2;-1.055552717E-2
2.331250000E-2;-9.801742621E-3
2.333333333E-2;-9.638374671E-3
2.335416667E-2;-1.000173297E-2
2.337500000E-2;-1.010324992E-2
2.339583333E-2;-1.054872200E-2
2.341666667E-2;-1.152321510E-2
2.343750000E-2;-1.256297715E-2
2.345833333E-2;-1.319170650E-2
2.347916667E-2;-1.392441522E-2
2.350000000E-2;-1.485589147E-2
2.352083333E-2;-1.504167169E-2
2.354166667E-2;-1.474082842E-2
2.356250000E-2;-1.492772810E-2
2.358333333E-2;-1.540704723E-2
2.360416667E-2;-1.493351907E-2
2.362500000E-2;-1.444443315E-2
2.364583333E-2;-1.545264386E-2
2.366666667E-2;-1.692059264E-2
2.368750000E-2;-1.735845208E-2
2.370833333E-2;-1.644706540E-2
2.372916667E-2;-1.515139733E-2
2.375000000E-2;-1.429041103E-2
2.377083333E-2;-1.335368957E-2
2.379166667E-2;-1.167687587E-2
2.381250000E-2;-9.601198137E-3
2.383333333E-2;-7.742677350E-3
2.385416667E-2;-5.363593809E-3
2.387500000E-2;-2.391310642E-3
2.389583333E-2;-7.149091107E-4
2.391666667E-2;-2.979927813E-4
2.393750000E-2;3.262624086E-4
2.395833333E-2;9.508467629E-4
2.397916667E-2;6.777197123E-4
2.400000000E-2;-2.407554130E-4
2.402083333E-2;-5.724733928E-4
2.404166667E-2;-3.414396197E-4
2.406250000E-2;-1.749436051E-4
2.408333333E-2;1.823297644E-4
2.410416667E-2;1.276069786E-3
2.412500000E-2;3.019101685E-3
2.414583333E-2;4.142455757E-3
2.416666667E-2;4.400239326E-3
2.418750000E-2;4.938878585E-3
2.420833333E-2;6.229908671E-3
2.422916667E-2;7.140724454E-3
2.425000000E-2;6.707392167E-3
2.427083333E-2;6.470871624E-3
2.429166667E-2;6.747367326E-3
2.431250000E-2;6.199751049E-3
2.433333333E-2;5.593680311E-3
2.435416667E-2;6.044702139E-3
2.437500000E-2;7.154152729E-3
2.439583333E-2;7.735176478E-3
2.441666667E-2;7.713248022E-3
2.443750000E-2;7.393866312E-3
2.445833333E-2;6.833450403E-3
2.447916667E-2;6.562140305E-3
2.450000000E-2;6.325276569E-3
2.452083333E-2;6.229378283E-3
2.454166667E-2;6.681606174E-3
2.456250000E-2;7.191670593E-3
2.458333333E-2;7.151119411E-3
2.460416667E-2;7.261768915E-3
2.462500000E-2;8.522797376E-3
2.464583333E-2;9.328193963E-3
2.466666667E-2;9.350903332E-3
2.468750000E-2;9.825662710E-3
2.470833333E-2;1.005591080E-2
2.472916667E-2;9.403704666E-3
2.475000000E-2;7.855035365E-3
2.477083333E-2;6.884199101E-3
2.479166667E-2;7.030052599E-3
2.481250000E-2;6.427105982E-3
2.483333333E-2;4.494037479E-3
2.485416667E-2;2.627275884E-3
2.487500000E-2;2.388352761E-3
2.489583333E-2;2.976026619E-3
2.491666667E-2;3.116593696E-3
2.493750000E-2;3.476358484E-3
2.495833333E-2;4.257131368E-3
2.497916667E-2;3.894707421E-3
2.500000000E-2;2.455833834E-3
2.502083333E-2;2.018260537E-3
2.504166667E-2;1.960788621E-3
2.506250000E-2;1.178382779E-3
2.508333333E-2;8.865658310E-5
2.510416667E-2;-5.776816979E-4
2.512500000E-2;-2.507100289E-4
2.514583333E-2;-1.276196417E-4
2.516666667E-2;-6.473286776E-4
2.518750000E-2;-6.079697632E-4
2.520833333E-2;4.330813827E-4
2.522916667E-2;1.140712295E-3
2.525000000E-2;2.070105402E-4
2.527083333E-2;-5.865099956E-4
2.529166667E-2;3.099272144E-4
2.531250000E-2;1.052214531E-3
2.533333333E-2;3.862204612E-4
2.535416667E-2;-2.543872688E-4
2.537500000E-2;3.266865970E-4
2.539583333E-2;1.631659921E-3
2.541666667E-2;2.781155286E-3
2.543750000E-2;3.571099835E-3
2.545833333E-2;4.063902423E-3
2.547916667E-2;4.896700848E-3
2.550000000E-2;5.921245087E-3
2.552083333E-2;6.217659451E-3
2.554166667E-2;6.773913279E-3
2.556250000E-2;7.762316614E-3
2.558333333E-2;8.251279593E-3
2.560416667E-2;8.718534373E-3
2.562500000E-2;9.859195910E-3
2.564583333E-2;1.123137493E-2
2.566666667E-2;1.165340468E-2
2.568750000E-2;1.254979707E-2
2.570833333E-2;1.534192543E-2
2.572916667E-2;1.757449843E-2
2.575000000E-2;1.809853129E-2
2.577083333E-2;1.835404523E-2
2.579166667E-2;1.929626241E-2
2.581250000E-2;2.029530890E-2
2.583333333E-2;2.001750842E-2
2.585416667E-2;1.958040334E-2
2.587500000E-2;1.999527588E-2
2.589583333E-2;1.980225742E-2
2.591666667E-2;1.857410558E-2
2.593750000E-2;1.827596501E-2
2.595833333E-2;1.984228566E-2
2.597916667E-2;2.119947225E-2
2.600000000E-2;2.195488289E-2
2.602083333E-2;2.263213508E-2
2.604166667E-2;2.186052687E-2
2.606250000E-2;2.053098381E-2
2.608333333E-2;2.025662549E-2
2.610416667E-2;2.026298642E-2
2.612500000E-2;1.898852736E-2
2.614583333E-2;1.709568501E-2
2.616666667E-2;1.621869206E-2
2.618750000E-2;1.522542350E-2
2.620833333E-2;1.406742167E-2
2.622916667E-2;1.392127015E-2
2.625000000E-2;1.397306565E-2
2.627083333E-2;1.397998258E-2
2.629166667E-2;1.391298790E-2
2.631250000E-2;1.336266939E-2
2.633333333E-2;1.239968929E-2
2.635416667E-2;1.196119469E-2
2.637500000E-2;1.232853159E-2
2.639583333E-2;1.189099997E-2
2.641666667E-2;1.068042964E-2
2.643750000E-2;9.566081688E-3
2.645833333E-2;9.161233902E-3
2.647916667E-2;9.535635822E-3
2.650000000E-2;9.121227078E-3
2.652083333E-2;8.167882450E-3
2.654166667E-2;7.977941073E-3
2.656250000E-2;7.699217647E-3
2.658333333E-2;6.015851162E-3
2.660416667E-2;4.239695612E-3
2.662500000E-2;3.406234784E-3
2.664583333E-2;1.816219883E-3
2.666666667E-2;-8.519398980E-4
2.668750000E-2;-2.729156520E-3
2.670833333E-2;-3.825430525E-3
2.672916667E-2;-5.558664910E-3
2.675000000E-2;-6.570253056E-3
2.677083333E-2;-6.139882840E-3
2.679166667E-2;-5.923318211E-3
2.681250000E-2;-6.466123275E-3
2.683333333E-2;-7.163532078E-3
2.685416667E-2;-7.830544375E-3
2.687500000E-2;-8.518308401E-3
2.689583333E-2;-8.256904781E-3
2.691666667E-2;-7.942047901E-3
2.693750000E-2;-8.760074154E-3
2.695833333E-2;-8.991767652E-3
2.697916667E-2;-8.487379178E-3
2.700000000E-2;-8.355806582E-3
2.702083333E-2;-8.024640381E-3
2.704166667E-2;-7.015281357E-3
2.706250000E-2;-6.234236993E-3
2.708333333E-2;-6.142965518E-3
2.710416667E-2;-5.633777473E-3
2.712500000E-2;-4.855356645E-3
2.714583333E-2;-5.300240126E-3
2.716666667E-2;-6.634005811E-3
2.718750000E-2;-7.545766886E-3
2.720833333E-2;-8.201198652E-3
2.722916667E-2;-9.033251554E-3
2.725000000E-2;-9.358208627E-3
2.727083333E-2;-8.811529726E-3
2.729166667E-2;-7.392368745E-3
2.731250000E-2;-5.637195893E-3
2.733333333E-2;-4.448753782E-3
2.735416667E-2;-3.398055444E-3
2.737500000E-2;-2.240728820E-3
2.739583333E-2;-1.639332506E-3
2.741666667E-2;-1.251806971E-3
2.743750000E-2;-4.792360123E-4
2.745833333E-2;-1.830695401E-4
2.747916667E-2;-1.022634562E-3
2.750000000E-2;-1.959537389E-3
2.752083333E-2;-2.285002731E-3
2.754166667E-2;-2.297020052E-3
2.756250000E-2;-2.181455027E-3
2.758333333E-2;-2.278016647E-3
2.760416667E-2;-2.258805558E-3
2.762500000E-2;-1.091401442E-3
2.764583333E-2;2.414443297E-4
2.766666667E-2;2.401959500E-4
2.768750000E-2;-2.152564994E-4
2.770833333E-2;-3.849038621E-4
2.772916667E-2;-1.166459057E-3
2.775000000E-2;-2.215643413E-3
2.777083333E-2;-1.985148527E-3
2.779166667E-2;-1.131714555E-3
2.781250000E-2;-1.678641886E-3
2.783333333E-2;-3.036511363E-3
2.785416667E-2;-3.540754085E-3
2.787500000E-2;-3.681439441E-3
2.789583333E-2;-3.637152724E-3
2.791666667E-2;-3.510902403E-3
2.793750000E-2;-4.652540665E-3
2.795833333E-2;-6.371386349E-3
2.797916667E-2;-7.290275767E-3
2.800000000E-2;-8.152993396E-3
2.802083333E-2;-9.400822222E-3
2.804166667E-2;-1.001272071E-2
2.806250000E-2;-1.030947361E-2
2.808333333E-2;-1.145618595E-2
2.810416667E-2;-1.247741561E-2
2.812500000E-2;-1.274966076E-2
2.814583333E-2;-1.342908572E-2
2.816666667E-2;-1.492703892E-2
2.818750000E-2;-1.602745056E-2
2.820833333E-2;-1.609414630E-2
2.822916667E-2;-1.727072522E-2
2.825000000E-2;-1.967946626E-2
2.827083333E-2;-2.064967342E-2
2.829166667E-2;-2.028369345E-2
2.831250000E-2;-1.987881958E-2
2.833333333E-2;-1.976577006E-2
2.835416667E-2;-1.902885921E-2
2.837500000E-2;-1.714178920E-2
2.839583333E-2;-1.570396125E-2
2.841666667E-2;-1.517090574E-2
2.843750000E-2;-1.442903560E-2
2.845833333E-2;-1.335580833E-2
2.847916667E-2;-1.299935207E-2
2.850000000E-2;-1.340859849E-2
2.852083333E-2;-1.402879413E-2
2.854166667E-2;-1.445649192E-2
2.856250000E-2;-1.458793320E-2
2.858333333E-2;-1.539926138E-2
2.860416667E-2;-1.639851555E-2
2.862500000E-2;-1.659502089E-2
2.864583333E-2;-1.615939476E-2
2.866666667E-2;-1.617729478E-2
2.868750000E-2;-1.675954089E-2
2.870833333E-2;-1.581610925E-2
2.872916667E-2;-1.391067356E-2
2.875000000E-2;-1.318835281E-2
2.877083333E-2;-1.325074956E-2
2.879166667E-2;-1.262703538E-2
2.881250000E-2;-1.126812957E-2
2.883333333E-2;-1.012618095E-2
2.885416667E-2;-9.072529152E-3
2.887500000E-2;-8.220963180E-3
2.889583333E-2;-7.765850984E-3
2.891666667E-2;-7.024174556E-3
2.893750000E-2;-6.105176173E-3
2.895833333E-2;-5.872935988E-3
2.897916667E-2;-6.420932245E-3
2.900000000E-2;-6.559758447E-3
2.902083333E-2;-5.930947606E-3
2.904166667E-2;-5.778607447E-3
2.906250000E-2;-6.073672324E-3
2.908333333E-2;-5.531311966E-3
2.910416667E-2;-4.042838700E-3
2.912500000E-2;-2.275445964E-3
2.914583333E-2;-7.566759596E-4
2.916666667E-2;4.147253640E-4
2.918750000E-2;1.461621840E-3
2.920833333E-2;3.007920925E-3
2.922916667E-2;5.298250355E-3
2.925000000E-2;6.730719004E-3
2.927083333E-2;6.544210017E-3
2.929166667E-2;5.973357242E-3
2.931250000E-2;5.938144401E-3
2.933333333E-2;5.915310234E-3
2.935416667E-2;5.172011442E-3
2.937500000E-2;4.516775254E-3
2.939583333E-2;4.499651957E-3
2.941666667E-2;4.730904941E-3
2.943750000E-2;4.923036322E-3
2.945833333E-2;5.307615735E-3
2.947916667E-2;5.774031393E-3
2.950000000E-2;5.840236787E-3
2.952083333E-2;5.710517056E-3
2.954166667E-2;5.303801969E-3
2.956250000E-2;4.616902210E-3
2.958333333E-2;4.001710098E-3
2.960416667E-2;3.634422785E-3
2.962500000E-2;2.979207085E-3
2.964583333E-2;1.826135674E-3
2.966666667E-2;1.831439557E-3
2.968750000E-2;3.101101378E-3
2.970833333E-2;3.781080246E-3
2.972916667E-2;3.867063439E-3
2.975000000E-2;4.656960722E-3
2.977083333E-2;5.621844903E-3
2.979166667E-2;5.747506861E-3
2.981250000E-2;6.016863044E-3
2.983333333E-2;6.900323089E-3
2.985416667E-2;7.449244615E-3
2.987500000E-2;7.534204982E-3
2.989583333E-2;7.396671921E-3
2.991666667E-2;6.733810063E-3
2.993750000E-2;5.850701127E-3
2.995833333E-2;5.812799558E-3
2.997916667E-2;6.329318509E-3
3.000000000E-2;6.229097955E-3
3.002083333E-2;5.561811849E-3
3.004166667E-2;5.020879209E-3
3.006250000E-2;4.875680432E-3
3.008333333E-2;4.617892206E-3
3.010416667E-2;4.218865652E-3
3.012500000E-2;4.311122000E-3
3.014583333E-2;4.383916501E-3
3.016666667E-2;3.924602177E-3
3.018750000E-2;3.861532314E-3
3.020833333E-2;4.731717519E-3
3.022916667E-2;5.212700926E-3
3.025000000E-2;5.326453131E-3
3.027083333E-2;6.034403108E-3
3.029166667E-2;6.257707719E-3
3.031250000E-2;5.165222101E-3
3.033333333E-2;3.208983922E-3
3.035416667E-2;1.992484322E-3
3.037500000E-2;1.704299008E-3
3.039583333E-2;8.378779166E-4
3.041666667E-2;9.142727504E-5
3.043750000E-2;3.748582822E-5
3.045833333E-2;1.679792767E-4
3.047916667E-2;-4.219727271E-5
3.050000000E-2;-3.739726089E-4
3.052083333E-2;8.447362925E-4
3.054166667E-2;3.174758982E-3
3.056250000E-2;4.637291189E-3
3.058333333E-2;4.959472455E-3
3.060416667E-2;5.572532769E-3
3.062500000E-2;6.692046300E-3
3.064583333E-2;6.719339639E-3
3.066666667E-2;5.814357661E-3
3.068750000E-2;5.588506348E-3
3.070833333E-2;5.881289952E-3
3.072916667E-2;4.356483929E-3
3.075000000E-2;1.872115303E-3
3.077083333E-2;8.613056852E-4
3.079166667E-2;-5.129651527E-6
3.081250000E-2;-1.505132066E-3
3.083333333E-2;-2.892020624E-3
3.085416667E-2;-4.142790567E-3
3.087500000E-2;-5.278947763E-3
3.089583333E-2;-5.578719545E-3
3.091666667E-2;-5.081653129E-3
3.093750000E-2;-4.764778074E-3
3.095833333E-2;-4.255052190E-3
3.097916667E-2;-3.682916053E-3
3.100000000E-2;-3.529369831E-3
3.102083333E-2;-3.098992398E-3
3.104166667E-2;-1.877730945E-3
3.106250000E-2;-6.490123924E-4
3.108333333E-2;-5.120591377E-4
3.110416667E-2;-6.402572035E-4
3.112500000E-2;-1.832175039E-4
3.114583333E-2;-1.765151319E-5
3.116666667E-2;-9.710471495E-4
3.118750000E-2;-1.919169328E-3
3.120833333E-2;-2.022551605E-3
3.122916667E-2;-2.194266301E-3
3.125000000E-2;-2.234687097E-3
3.127083333E-2;-2.041609026E-3
3.129166667E-2;-1.666370430E-3
3.131250000E-2;-1.212910516E-3
3.133333333E-2;-1.001784927E-3
3.135416667E-2;-1.562959515E-4
3.137500000E-2;1.104744617E-3
3.139583333E-2;2.194504486E-3
3.141666667E-2;3.024204401E-3
3.143750000E-2;3.957874607E-3
3.145833333E-2;4.927884322E-3
3.147916667E-2;5.027490202E-3
3.150000000E-2;4.880952183E-3
3.152083333E-2;5.034489557E-3
3.154166667E-2;5.407124292E-3
3.156250000E-2;5.235593766E-3
3.158333333E-2;4.511569627E-3
3.160416667E-2;4.151247442E-3
3.162500000E-2;3.391522216E-3
3.164583333E-2;2.732253633E-3
3.166666667E-2;2.900951542E-3
3.168750000E-2;3.367071971E-3
3.170833333E-2;3.402803093E-3
3.172916667E-2;2.945360960E-3
3.175000000E-2;3.075861605E-3
3.177083333E-2;3.286804538E-3
3.179166667E-2;3.635345260E-3
3.181250000E-2;4.369069822E-3
3.183333333E-2;4.952313844E-3
3.185416667E-2;5.513379350E-3
3.187500000E-2;6.156251766E-3
3.189583333E-2;7.021171041E-3
3.191666667E-2;6.757497322E-3
3.193750000E-2;6.050409749E-3
3.195833333E-2;6.388689391E-3
3.197916667E-2;6.113100331E-3
3.200000000E-2;4.745440558E-3
3.202083333E-2;3.363532480E-3
3.204166667E-2;2.789014718E-3
3.206250000E-2;2.174185356E-3
3.208333333E-2;7.430634578E-4
3.210416667E-2;-2.042501292E-4
3.212500000E-2;-5.127117038E-4
3.214583333E-2;-1.052705571E-3
3.216666667E-2;-1.565153012E-3
3.218750000E-2;-1.360860770E-3
3.220833333E-2;-1.331425272E-3
3.222916667E-2;-2.216211986E-3
3.225000000E-2;-3.015818773E-3
3.227083333E-2;-3.319934476E-3
3.229166667E-2;-4.114300013E-3
3.231250000E-2;-5.956169218E-3
3.233333333E-2;-7.138111629E-3
3.235416667E-2;-7.072617766E-3
3.237500000E-2;-7.900681347E-3
3.239583333E-2;-1.013672724E-2
3.241666667E-2;-1.202033460E-2
3.243750000E-2;-1.301517244E-2
3.245833333E-2;-1.412424725E-2
3.247916667E-2;-1.475956105E-2
3.250000000E-2;-1.500492636E-2
3.252083333E-2;-1.573124155E-2
3.254166667E-2;-1.573186927E-2
3.256250000E-2;-1.516000275E-2
3.258333333E-2;-1.493383851E-2
3.260416667E-2;-1.441973727E-2
3.262500000E-2;-1.356358174E-2
3.264583333E-2;-1.348815300E-2
3.266666667E-2;-1.431284845E-2
3.268750000E-2;-1.497696526E-2
3.270833333E-2;-1.539450511E-2
3.272916667E-2;-1.607107371E-2
3.275000000E-2;-1.669928432E-2
3.277083333E-2;-1.655888930E-2
3.279166667E-2;-1.669002883E-2
3.281250000E-2;-1.778620668E-2
3.283333333E-2;-1.797426119E-2
3.285416667E-2;-1.692207903E-2
3.287500000E-2;-1.583767124E-2
3.289583333E-2;-1.496957801E-2
3.291666667E-2;-1.361500844E-2
3.293750000E-2;-1.121764164E-2
3.295833333E-2;-8.680349216E-3
3.297916667E-2;-6.813205779E-3
3.300000000E-2;-5.509615410E-3
3.302083333E-2;-4.354775418E-3
3.304166667E-2;-3.390375990E-3
3.306250000E-2;-2.826905111E-3
3.308333333E-2;-2.353373915E-3
3.310416667E-2;-2.191203879E-3
3.312500000E-2;-2.456715796E-3
3.314583333E-2;-2.275962848E-3
3.316666667E-2;-1.552256057E-3
3.318750000E-2;-1.121472567E-3
3.320833333E-2;-9.064591140E-4
3.322916667E-2;-6.123529747E-4
3.325000000E-2;1.607893500E-4
3.327083333E-2;2.379160607E-3
3.329166667E-2;5.231159739E-3
3.331250000E-2;6.592355669E-3
3.333333333E-2;6.194269285E-3
3.335416667E-2;6.055132020E-3
3.337500000E-2;7.165975403E-3
3.339583333E-2;7.909858599E-3
3.341666667E-2;8.169815876E-3
3.343750000E-2;9.016508237E-3
3.345833333E-2;9.301259182E-3
3.347916667E-2;9.096091613E-3
3.350000000E-2;9.768225253E-3
3.352083333E-2;1.049976889E-2
3.354166667E-2;1.033947524E-2
3.356250000E-2;1.031871885E-2
3.358333333E-2;1.097875740E-2
3.360416667E-2;1.118077897E-2
3.362500000E-2;1.114260871E-2
3.364583333E-2;1.132260729E-2
3.366666667E-2;1.127291843E-2
3.368750000E-2;1.149245631E-2
3.370833333E-2;1.159256883E-2
3.372916667E-2;1.031044405E-2
3.375000000E-2;8.924747817E-3
3.377083333E-2;9.136755951E-3
3.379166667E-2;9.221863933E-3
3.381250000E-2;7.861582562E-3
3.383333333E-2;6.607834250E-3
3.385416667E-2;6.152221002E-3
3.387500000E-2;5.362856202E-3
3.389583333E-2;4.673136864E-3
3.391666667E-2;5.042876117E-3
3.393750000E-2;5.108321086E-3
3.395833333E-2;4.745561630E-3
3.397916667E-2;4.787944257E-3
3.400000000E-2;4.759197123E-3
3.402083333E-2;4.393421113E-3
3.404166667E-2;4.076810088E-3
3.406250000E-2;4.031007178E-3
3.408333333E-2;3.802201478E-3
3.410416667E-2;4.110016394E-3
3.412500000E-2;4.403794184E-3
3.414583333E-2;3.140625777E-3
3.416666667E-2;1.967474353E-3
3.418750000E-2;2.075565513E-3
3.420833333E-2;2.052715514E-3
3.422916667E-2;1.023338293E-3
3.425000000E-2;2.432521578E-4
3.427083333E-2;4.820749018E-5
3.429166667E-2;-2.486885933E-4
3.431250000E-2;-4.353515687E-4
3.433333333E-2;-5.152168451E-4
3.435416667E-2;1.825233776E-4
3.437500000E-2;1.451489865E-3
3.439583333E-2;2.333826618E-3
3.441666667E-2;3.019568976E-3
3.443750000E-2;3.609884530E-3
3.445833333E-2;3.967425786E-3
3.447916667E-2;4.359760322E-3
3.450000000E-2;5.087922793E-3
3.452083333E-2;5.358727183E-3
3.454166667E-2;4.709153902E-3
3.456250000E-2;4.180183169E-3
3.458333333E-2;4.580422770E-3
3.460416667E-2;4.863179289E-3
3.462500000E-2;4.462519195E-3
3.464583333E-2;4.740116652E-3
3.466666667E-2;5.234242883E-3
3.468750000E-2;5.126879085E-3
3.470833333E-2;5.802850705E-3
3.472916667E-2;8.017044514E-3
3.475000000E-2;1.002248749E-2
3.477083333E-2;1.050583739E-2
3.479166667E-2;1.142168138E-2
3.481250000E-2;1.348339766E-2
3.483333333E-2;1.515581552E-2
3.485416667E-2;1.625219733E-2
3.487500000E-2;1.670676842E-2
3.489583333E-2;1.638897508E-2
3.491666667E-2;1.565624401E-2
3.493750000E-2;1.471106987E-2
3.495833333E-2;1.423358917E-2
3.497916667E-2;1.426088996E-2
3.500000000E-2;1.389404945E-2
3.502083333E-2;1.328727696E-2
3.504166667E-2;1.318318117E-2
3.506250000E-2;1.336557791E-2
3.508333333E-2;1.365535986E-2
3.510416667E-2;1.484702434E-2
3.512500000E-2;1.660602167E-2
3.514583333E-2;1.757884584E-2
3.516666667E-2;1.782459021E-2
3.518750000E-2;1.775992103E-2
3.520833333E-2;1.760657132E-2
3.522916667E-2;1.801282167E-2
3.525000000E-2;1.885942556E-2
3.527083333E-2;1.890786365E-2
3.529166667E-2;1.764222421E-2
3.531250000E-2;1.618310437E-2
3.533333333E-2;1.475727931E-2
3.535416667E-2;1.309924014E-2
3.537500000E-2;1.193267852E-2
3.539583333E-2;1.154291816E-2
3.541666667E-2;1.122972649E-2
3.543750000E-2;1.000023633E-2
3.545833333E-2;8.564903401E-3
3.547916667E-2;7.928679697E-3
3.550000000E-2;7.701891940E-3
3.552083333E-2;7.151397876E-3
3.554166667E-2;6.770970300E-3
3.556250000E-2;7.456761785E-3
3.558333333E-2;7.511641830E-3
3.560416667E-2;6.601031404E-3
3.562500000E-2;6.249644328E-3
3.564583333E-2;6.127677392E-3
3.566666667E-2;5.383051466E-3
3.568750000E-2;3.702874295E-3
3.570833333E-2;1.935588429E-3
3.572916667E-2;5.104138982E-4
3.575000000E-2;-9.229609277E-4
3.577083333E-2;-2.214323729E-3
3.579166667E-2;-2.981057856E-3
3.581250000E-2;-3.665137803E-3
3.583333333E-2;-4.817537032E-3
3.585416667E-2;-4.940831102E-3
3.587500000E-2;-4.006700125E-3
3.589583333E-2;-3.148481483E-3
3.591666667E-2;-1.964444993E-3
3.593750000E-2;-7.510241121E-4
3.595833333E-2;3.414527746E-4
3.597916667E-2;1.191826886E-3
3.600000000E-2;1.542679616E-3
3.602083333E-2;1.584676676E-3
3.604166667E-2;1.079669222E-3
3.606250000E-2;4.433408612E-4
3.608333333E-2;7.208560419E-5
3.610416667E-2;-7.947688573E-4
3.612500000E-2;-2.556744730E-3
3.614583333E-2;-4.284411669E-3
3.616666667E-2;-5.285760853E-3
3.618750000E-2;-6.006715819E-3
3.620833333E-2;-6.867135409E-3
3.622916667E-2;-7.872845978E-3
3.625000000E-2;-8.733132854E-3
3.627083333E-2;-9.366629645E-3
3.629166667E-2;-9.889784269E-3
3.631250000E-2;-1.048449799E-2
3.633333333E-2;-1.130145881E-2
3.635416667E-2;-1.168974862E-2
3.637500000E-2;-1.142981742E-2
3.639583333E-2;-1.139588654E-2
3.641666667E-2;-1.151022408E-2
3.643750000E-2;-1.075783093E-2
3.645833333E-2;-9.567492642E-3
3.647916667E-2;-8.693298325E-3
3.650000000E-2;-7.813404314E-3
3.652083333E-2;-7.322573103E-3
3.654166667E-2;-7.115737535E-3
3.656250000E-2;-6.438727491E-3
3.658333333E-2;-5.819178186E-3
3.660416667E-2;-5.805418361E-3
3.662500000E-2;-5.964453332E-3
3.664583333E-2;-5.846782122E-3
3.666666667E-2;-5.591801833E-3
3.668750000E-2;-4.925484303E-3
3.670833333E-2;-3.975699190E-3
3.672916667E-2;-3.563676029E-3
3.675000000E-2;-3.727059811E-3
3.677083333E-2;-4.182216246E-3
3.679166667E-2;-4.392114468E-3
3.681250000E-2;-4.475194030E-3
3.683333333E-2;-5.497322883E-3
3.685416667E-2;-6.868785247E-3
3.687500000E-2;-7.625394501E-3
3.689583333E-2;-8.360713720E-3
3.691666667E-2;-8.844445460E-3
3.693750000E-2;-9.324426763E-3
3.695833333E-2;-1.017272752E-2
3.697916667E-2;-1.066868939E-2
3.700000000E-2;-1.149792317E-2
3.702083333E-2;-1.212788001E-2
3.704166667E-2;-1.155963819E-2
3.706250000E-2;-1.090936735E-2
3.708333333E-2;-1.067328546E-2
3.710416667E-2;-1.041001081E-2
3.712500000E-2;-1.048986521E-2
3.714583333E-2;-1.196573488E-2
3.716666667E-2;-1.386954542E-2
3.718750000E-2;-1.475979481E-2
3.720833333E-2;-1.531912666E-2
3.722916667E-2;-1.600356027E-2
3.725000000E-2;-1.632136293E-2
3.727083333E-2;-1.659277827E-2
3.729166667E-2;-1.785679162E-2
3.731250000E-2;-1.931752264E-2
3.733333333E-2;-1.928640902E-2
3.735416667E-2;-1.848462038E-2
3.737500000E-2;-1.861521788E-2
3.739583333E-2;-1.924906299E-2
3.741666667E-2;-1.899430715E-2
3.743750000E-2;-1.800411567E-2
3.745833333E-2;-1.691429131E-2
3.747916667E-2;-1.628158987E-2
3.750000000E-2;-1.572673023E-2
3.752083333E-2;-1.431537699E-2
3.754166667E-2;-1.334691141E-2
3.756250000E-2;-1.351768244E-2
3.758333333E-2;-1.325576007E-2
3.760416667E-2;-1.192613412E-2
3.762500000E-2;-1.059326902E-2
3.764583333E-2;-1.028838195E-2
3.766666667E-2;-1.032402180E-2
3.768750000E-2;-9.912652895E-3
3.770833333E-2;-9.753639810E-3
3.772916667E-2;-1.007033605E-2
3.775000000E-2;-1.021893136E-2
3.777083333E-2;-9.918014519E-3
3.779166667E-2;-9.136063047E-3
3.781250000E-2;-8.293130435E-3
3.783333333E-2;-7.574645802E-3
3.785416667E-2;-6.875116378E-3
3.787500000E-2;-6.313428748E-3
3.789583333E-2;-5.605545361E-3
3.791666667E-2;-5.092226434E-3
3.793750000E-2;-4.455125891E-3
3.795833333E-2;-3.116078908E-3
3.797916667E-2;-2.359449165E-3
3.800000000E-2;-2.447381616E-3
3.802083333E-2;-2.049422124E-3
3.804166667E-2;-8.434182382E-4
3.806250000E-2;-1.044142755E-5
3.808333333E-2;-1.492960018E-5
3.810416667E-2;7.598145021E-5
3.812500000E-2;5.894358037E-4
3.814583333E-2;1.104770112E-3
3.816666667E-2;1.505817752E-3
3.818750000E-2;2.341840183E-3
3.820833333E-2;3.204377368E-3
3.822916667E-2;3.143305192E-3
3.825000000E-2;3.153344151E-3
3.827083333E-2;3.998982720E-3
3.829166667E-2;4.956045654E-3
3.831250000E-2;5.686787888E-3
3.833333333E-2;6.600382272E-3
3.835416667E-2;8.183064871E-3
3.837500000E-2;9.153486229E-3
3.839583333E-2;9.013584815E-3
3.841666667E-2;9.350243025E-3
3.843750000E-2;9.734947234E-3
3.845833333E-2;9.633900598E-3
3.847916667E-2;9.423723444E-3
3.850000000E-2;9.149404243E-3
3.852083333E-2;9.477974847E-3
3.854166667E-2;9.818753228E-3
3.856250000E-2;9.655132890E-3
3.858333333E-2;9.363843128E-3
3.860416667E-2;8.892710321E-3
3.862500000E-2;9.070884436E-3
3.864583333E-2;9.637930430E-3
3.866666667E-2;9.806984104E-3
3.868750000E-2;9.848418646E-3
3.870833333E-2;9.402217343E-3
3.872916667E-2;8.141513914E-3
3.875000000E-2;6.322948262E-3
3.877083333E-2;5.541711580E-3
3.879166667E-2;6.064054091E-3
3.881250000E-2;6.234975532E-3
3.883333333E-2;6.271712016E-3
3.885416667E-2;6.373305339E-3
3.887500000E-2;6.591334473E-3
3.889583333E-2;7.069628686E-3
3.891666667E-2;7.134406827E-3
3.893750000E-2;7.521667983E-3
3.895833333E-2;8.808482438E-3
3.897916667E-2;9.345845319E-3
3.900000000E-2;8.674234152E-3
3.902083333E-2;8.693641983E-3
3.904166667E-2;9.315272793E-3
3.906250000E-2;8.882325143E-3
3.908333333E-2;7.866165601E-3
3.910416667E-2;7.796954829E-3
3.912500000E-2;8.168992586E-3
3.914583333E-2;7.599276956E-3
3.916666667E-2;6.848448887E-3
3.918750000E-2;6.419885904E-3
3.920833333E-2;5.833057687E-3
3.922916667E-2;5.526998546E-3
3.925000000E-2;5.340581294E-3
3.927083333E-2;4.835936707E-3
3.929166667E-2;4.599349108E-3
3.931250000E-2;4.736048635E-3
3.933333333E-2;4.723666701E-3
3.935416667E-2;4.615905695E-3
3.937500000E-2;4.524721764E-3
3.939583333E-2;4.144071136E-3
3.941666667E-2;3.511440242E-3
3.943750000E-2;3.307179082E-3
3.945833333E-2;3.082274459E-3
3.947916667E-2;1.758456114E-3
3.950000000E-2;2.691060072E-4
3.952083333E-2;-2.592368110E-4
3.954166667E-2;-2.398015786E-4
3.956250000E-2;-2.166926133E-4
3.958333333E-2;-6.811624189E-5
3.960416667E-2;2.298385152E-5
3.962500000E-2;-1.064403259E-4
3.964583333E-2;2.870476746E-4
3.966666667E-2;6.311460747E-4
3.968750000E-2;6.806044839E-4
3.970833333E-2;1.599477953E-3
3.972916667E-2;2.839985536E-3
3.975000000E-2;3.354996443E-3
3.977083333E-2;3.478064900E-3
3.979166667E-2;3.835530719E-3
3.981250000E-2;3.821745515E-3
3.983333333E-2;3.112974111E-3
3.985416667E-2;2.381623723E-3
3.987500000E-2;1.505071530E-3
3.989583333E-2;4.359727027E-4
3.991666667E-2;-3.628326231E-4
3.993750000E-2;-1.334754168E-3
3.995833333E-2;-2.656350611E-3
3.997916667E-2;-3.117915709E-3
4.000000000E-2;-3.118902678E-3
4.002083333E-2;-3.726075403E-3
4.004166667E-2;-3.839750774E-3
4.006250000E-2;-3.412602702E-3
4.008333333E-2;-3.549614688E-3
4.010416667E-2;-3.705646843E-3
4.012500000E-2;-3.137429478E-3
4.014583333E-2;-2.710164990E-3
4.016666667E-2;-2.958499826E-3
4.018750000E-2;-2.979732351E-3
4.020833333E-2;-2.740175696E-3
4.022916667E-2;-2.871118952E-3
4.025000000E-2;-2.815268468E-3
4.027083333E-2;-2.135502407E-3
4.029166667E-2;-1.698360196E-3
4.031250000E-2;-2.073810436E-3
4.033333333E-2;-2.991073765E-3
4.035416667E-2;-3.657714231E-3
4.037500000E-2;-3.446201328E-3
4.039583333E-2;-3.472821089E-3
4.041666667E-2;-3.834466217E-3
4.043750000E-2;-2.847488737E-3
4.045833333E-2;-1.439088839E-3
4.047916667E-2;-1.220696140E-3
4.050000000E-2;-9.893249953E-4
4.052083333E-2;4.334335972E-4
4.054166667E-2;1.658533933E-3
4.056250000E-2;1.733306912E-3
4.058333333E-2;2.356278012E-3
4.060416667E-2;3.219405422E-3
4.062500000E-2;2.782145748E-3
4.064583333E-2;2.498342888E-3
4.066666667E-2;2.590953140E-3
4.068750000E-2;1.744380337E-3
4.070833333E-2;1.051649451E-3
4.072916667E-2;1.510045258E-3
4.075000000E-2;1.353984349E-3
4.077083333E-2;7.788183575E-5
4.079166667E-2;-4.263019946E-4
4.081250000E-2;-7.284514722E-4
4.083333333E-2;-1.971332356E-3
4.085416667E-2;-2.729512984E-3
4.087500000E-2;-2.838514512E-3
4.089583333E-2;-3.624876728E-3
4.091666667E-2;-4.192490131E-3
4.093750000E-2;-3.586923704E-3
4.095833333E-2;-3.148949472E-3
4.097916667E-2;-3.290308872E-3
4.100000000E-2;-3.191930475E-3
4.102083333E-2;-3.034554888E-3
4.104166667E-2;-3.283104626E-3
4.106250000E-2;-3.374424065E-3
4.108333333E-2;-2.992094262E-3
4.110416667E-2;-2.807296813E-3
4.112500000E-2;-2.990807407E-3
4.114583333E-2;-3.512262832E-3
4.116666667E-2;-4.206427373E-3
4.118750000E-2;-4.699339624E-3
4.120833333E-2;-5.254617892E-3
4.122916667E-2;-5.688715726E-3
4.125000000E-2;-5.572638009E-3
4.127083333E-2;-5.764012225E-3
4.129166667E-2;-6.906094495E-3
4.131250000E-2;-7.584731095E-3
4.133333333E-2;-6.826063618E-3
4.135416667E-2;-6.476579700E-3
4.137500000E-2;-7.070388179E-3
4.139583333E-2;-6.961088162E-3
4.141666667E-2;-7.127074990E-3
4.143750000E-2;-8.717927150E-3
4.145833333E-2;-1.037352346E-2
4.147916667E-2;-1.130971871E-2
4.150000000E-2;-1.233500615E-2
4.152083333E-2;-1.393141225E-2
4.154166667E-2;-1.491067279E-2
4.156250000E-2;-1.577381976E-2
4.158333333E-2;-1.705784351E-2
4.160416667E-2;-1.702383347E-2
4.162500000E-2;-1.635140553E-2
4.164583333E-2;-1.611681283E-2
4.166666667E-2;-1.558203623E-2
4.168750000E-2;-1.428886410E-2
4.170833333E-2;-1.344737038E-2
4.172916667E-2;-1.386622712E-2
4.175000000E-2;-1.354600862E-2
4.177083333E-2;-1.246718783E-2
4.179166667E-2;-1.205702126E-2
4.181250000E-2;-1.200682297E-2
4.183333333E-2;-1.148078963E-2
4.185416667E-2;-1.005189866E-2
4.187500000E-2;-9.080219083E-3
4.189583333E-2;-9.117550217E-3
4.191666667E-2;-8.829696104E-3
4.193750000E-2;-7.897394709E-3
4.195833333E-2;-7.226961199E-3
4.197916667E-2;-6.404307671E-3
4.200000000E-2;-4.490706604E-3
4.202083333E-2;-2.517713932E-3
4.204166667E-2;-1.170302741E-3
4.206250000E-2;-1.938603818E-4
4.208333333E-2;6.440534489E-4
4.210416667E-2;1.427287352E-3
4.212500000E-2;2.798257396E-3
4.214583333E-2;5.182403140E-3
4.216666667E-2;6.566528231E-3
4.218750000E-2;6.691722199E-3
4.220833333E-2;6.721693557E-3
4.222916667E-2;6.229199469E-3
4.225000000E-2;5.411654245E-3
4.227083333E-2;4.915819503E-3
4.229166667E-2;4.828693345E-3
4.231250000E-2;4.772188142E-3
4.233333333E-2;5.338213872E-3
4.235416667E-2;6.211708765E-3
4.237500000E-2;6.203982513E-3
4.239583333E-2;6.151821464E-3
4.241666667E-2;6.892119534E-3
4.243750000E-2;8.199528791E-3
4.245833333E-2;8.912246674E-3
4.247916667E-2;9.130805731E-3
4.250000000E-2;9.795617312E-3
4.252083333E-2;1.082772017E-2
4.254166667E-2;1.202960312E-2
4.256250000E-2;1.231625676E-2
4.258333333E-2;1.207044628E-2
4.260416667E-2;1.167188305E-2
4.262500000E-2;1.093445066E-2
4.264583333E-2;1.105833519E-2
4.266666667E-2;""