"Frequency (Hz)";"Absolute Amplitude (a.u.)"
2.343750000E1;4.605387408E-2
4.687500000E1;8.615508201E-2
7.031250000E1;1.044001871E-1
9.375000000E1;2.313811478E-1
1.171875000E2;1.037709888E0
1.406250000E2;4.261389750E-1
1.640625000E2;4.520314605E-1
1.875000000E2;1.304699603E0
2.109375000E2;2.212550189E0
2.343750000E2;5.497387713E-1
2.578125000E2;1.184805559E-1
2.812500000E2;4.113234225E-1
3.046875000E2;4.279133678E-2
3.281250000E2;7.519757972E-1
3.515625000E2;2.806582056E-2
3.750000000E2;1.197060082E-1
3.984375000E2;1.904140211E-1
4.218750000E2;3.213737195E-2
4.453125000E2;1.333052062E-1
4.687500000E2;2.302939321E-1
4.921875000E2;7.606450255E-1
5.156250000E2;4.489099385E-2
5.390625000E2;3.567670155E-1
5.625000000E2;6.799079570E-1
5.859375000E2;3.363183453E-1
6.093750000E2;1.636299948E-1
6.328125000E2;1.548448225E-1
6.562500000E2;9.311805678E-1
6.796875000E2;6.269832764E-2
7.031250000E2;1.095943102E-1
7.265625000E2;1.452650993E-1
7.500000000E2;3.389673646E-2
7.734375000E2;5.308925562E-2
7.968750000E2;3.656273295E-2
8.203125000E2;4.578906598E-2
8.437500000E2;3.942254008E-2
8.671875000E2;3.751169065E-2
8.906250000E2;7.004186367E-2
9.140625000E2;7.820424681E-2
9.375000000E2;4.212586205E-2
9.609375000E2;2.754640907E-2
9.843750000E2;1.750991429E-1
1.007812500E3;1.168441969E-1
1.031250000E3;2.480414353E-2
1.054687500E3;1.205490395E-2
1.078125000E3;8.364029701E-2
1.101562500E3;2.050181870E-1
1.125000000E3;6.051862046E-2
1.148437500E3;1.033251804E-1
1.171875000E3;1.124405853E-1
1.195312500E3;4.107375323E-2
1.218750000E3;1.044206438E-2
1.242187500E3;8.976407337E-3
1.265625000E3;2.873865518E-2
1.289062500E3;4.902599932E-2
1.312500000E3;4.418540400E-2
1.335937500E3;1.457772851E-1
1.359375000E3;5.368883353E-2
1.382812500E3;5.610621150E-2
1.406250000E3;5.569660020E-2
1.429687500E3;9.598378682E-2
1.453125000E3;7.607812894E-2
1.476562500E3;9.640725836E-2
1.500000000E3;1.322717631E-1
1.523437500E3;1.001252887E-1
1.546875000E3;2.376769027E-1
1.570312500E3;1.688153201E-2
1.593750000E3;6.544496649E-2
1.617187500E3;1.595503904E-1
1.640625000E3;3.005095267E-1
1.664062500E3;1.091328237E-1
1.687500000E3;1.828641790E-1
1.710937500E3;5.366867336E-2
1.734375000E3;5.448119538E-2
1.757812500E3;2.284796907E-2
1.781250000E3;1.911947851E-2
1.804687500E3;1.730078285E-1
1.828125000E3;7.578748055E-2
1.851562500E3;1.013392631E-1
1.875000000E3;1.327157658E-1
1.898437500E3;3.484528440E-2
1.921875000E3;4.173788163E-2
1.945312500E3;3.783971214E-2
1.968750000E3;1.838789155E-1
1.992187500E3;2.894780204E-2
2.015625000E3;5.857498393E-2
2.039062500E3;3.584630845E-2
2.062500000E3;5.833795442E-2
2.085937500E3;5.503626150E-2
2.109375000E3;1.036374019E-3
2.132812500E3;2.614675336E-2
2.156250000E3;5.634822008E-2
2.179687500E3;5.302522063E-3
2.203125000E3;7.688458060E-2
2.226562500E3;3.676285902E-2
2.250000000E3;5.250064461E-2
2.273437500E3;2.990829500E-2
2.296875000E3;1.627810435E-2
2.320312500E3;1.407180063E-2
2.343750000E3;2.916642355E-2
2.367187500E3;1.989229912E-2
2.390625000E3;1.399925374E-2
2.414062500E3;2.327099757E-2
2.437500000E3;2.627481961E-2
2.460937500E3;3.977614810E-2
2.484375000E3;5.040504690E-2
2.507812500E3;3.771614083E-2
2.531250000E3;6.798467109E-3
2.554687500E3;5.206892824E-2
2.578125000E3;3.823479038E-2
2.601562500E3;1.742588809E-1
2.625000000E3;1.326312671E-1
2.648437500E3;1.174146381E-1
2.671875000E3;2.054159772E-2
2.695312500E3;3.112083515E-2
2.718750000E3;2.059265495E-2
2.742187500E3;1.732291394E-2
2.765625000E3;3.133849128E-2
2.789062500E3;2.459738621E-2
2.812500000E3;1.233058476E-2
2.835937500E3;2.057895053E-2
2.859375000E3;2.331786442E-2
2.882812500E3;3.434408289E-2
2.906250000E3;2.431193592E-2
2.929687500E3;6.111783332E-2
2.953125000E3;2.686418404E-2
2.976562500E3;1.410952455E-2
3.000000000E3;1.927428849E-2
3.023437500E3;1.349441870E-2
3.046875000E3;3.054642754E-2
3.070312500E3;2.336854192E-2
3.093750000E3;8.578311762E-3
3.117187500E3;4.249305587E-2
3.140625000E3;3.868303559E-2
3.164062500E3;1.893733562E-2
3.187500000E3;2.493818682E-2
3.210937500E3;1.523294663E-2
3.234375000E3;1.493373052E-2
3.257812500E3;6.366692785E-3
3.281250000E3;1.147809802E-2
3.304687500E3;1.113231295E-2
3.328125000E3;8.467718060E-3
3.351562500E3;9.299014641E-3
3.375000000E3;3.856441635E-3
3.398437500E3;1.580811309E-2
3.421875000E3;9.177834305E-3
3.445312500E3;1.490520596E-2
3.468750000E3;1.304808191E-2
3.492187500E3;4.503252314E-3
3.515625000E3;8.948166702E-3
3.539062500E3;1.122534784E-2
3.562500000E3;3.347591089E-3
3.585937500E3;6.547858279E-3
3.609375000E3;1.209562191E-2
3.632812500E3;1.000353291E-2
3.656250000E3;9.784661102E-3
3.679687500E3;1.853691296E-2
3.703125000E3;1.657455755E-2
3.726562500E3;1.313461247E-2
3.750000000E3;3.084939249E-2
3.773437500E3;1.374850877E-2
3.796875000E3;1.769623119E-2
3.820312500E3;1.205877399E-2
3.843750000E3;1.007506747E-2
3.867187500E3;2.363335071E-2
3.890625000E3;9.236552992E-3
3.914062500E3;1.365418288E-3
3.937500000E3;1.424642257E-2
3.960937500E3;2.063759482E-2
3.984375000E3;2.085870712E-2
4.007812500E3;3.462641252E-3
4.031250000E3;1.947587610E-3
4.054687500E3;9.171192952E-3
4.078125000E3;1.460795616E-2
4.101562500E3;1.230532866E-2
4.125000000E3;1.010806044E-2
4.148437500E3;9.544252722E-3
4.171875000E3;3.574300172E-3
4.195312500E3;1.239780875E-2
4.218750000E3;1.435723128E-2
4.242187500E3;1.426767450E-2
4.265625000E3;1.801380058E-2
4.289062500E3;9.250235062E-3
4.312500000E3;9.237852204E-3
4.335937500E3;1.694761089E-2
4.359375000E3;1.176414092E-2
4.382812500E3;1.056186882E-2
4.406250000E3;8.047875420E-3
4.429687500E3;1.074973359E-2
4.453125000E3;9.781249907E-3
4.476562500E3;1.299777325E-2
4.500000000E3;7.949703800E-3
4.523437500E3;1.001864204E-2
4.546875000E3;9.700868248E-3
4.570312500E3;1.066405231E-2
4.593750000E3;7.915915866E-3
4.617187500E3;3.546722959E-3
4.640625000E3;4.656772712E-3
4.664062500E3;9.171852818E-3
4.687500000E3;1.897326128E-2
4.710937500E3;7.849892416E-3
4.734375000E3;9.488390287E-3
4.757812500E3;5.511524368E-3
4.781250000E3;1.052175774E-2
4.804687500E3;5.424279552E-3
4.828125000E3;1.387138318E-2
4.851562500E3;1.725375270E-2
4.875000000E3;1.164375397E-2
4.898437500E3;1.538079339E-2
4.921875000E3;7.838734045E-3
4.945312500E3;3.063586570E-2
4.968750000E3;2.471619247E-2
4.992187500E3;1.243736528E-2
5.015625000E3;1.162939339E-2
5.039062500E3;3.926755258E-3
5.062500000E3;9.507049679E-3
5.085937500E3;8.815769621E-3
5.109375000E3;1.404388297E-2
5.132812500E3;2.476411797E-3
5.156250000E3;1.487727580E-2
5.179687500E3;8.518732285E-3
5.203125000E3;1.268500758E-2
5.226562500E3;1.307353589E-2
5.250000000E3;5.669504290E-3
5.273437500E3;1.048571485E-2
5.296875000E3;1.422697469E-2
5.320312500E3;1.095929251E-2
5.343750000E3;1.517593494E-2
5.367187500E3;4.991669404E-3
5.390625000E3;1.012223634E-2
5.414062500E3;7.582809441E-3
5.437500000E3;1.745135604E-2
5.460937500E3;5.261649533E-3
5.484375000E3;3.888285387E-4
5.507812500E3;5.446002302E-3
5.531250000E3;2.621755658E-2
5.554687500E3;2.206565229E-2
5.578125000E3;4.154639262E-2
5.601562500E3;2.712418663E-2
5.625000000E3;2.285860504E-2
5.648437500E3;5.425032239E-3
5.671875000E3;2.513326836E-3
5.695312500E3;1.791110502E-2
5.718750000E3;3.191675129E-2
5.742187500E3;2.447450055E-2
5.765625000E3;1.476059369E-2
5.789062500E3;1.757534805E-2
5.812500000E3;6.019264050E-3
5.835937500E3;2.797167304E-2
5.859375000E3;3.443942969E-2
5.882812500E3;1.701700194E-2
5.906250000E3;2.099632519E-2
5.929687500E3;2.702042208E-2
5.953125000E3;1.178602416E-2
5.976562500E3;2.213973211E-2
6.000000000E3;2.360535245E-2
6.023437500E3;3.280450891E-2
6.046875000E3;9.978559072E-3
6.070312500E3;1.581379703E-2
6.093750000E3;1.556297482E-2
6.117187500E3;7.719265264E-3
6.140625000E3;1.775833969E-2
6.164062500E3;6.354013372E-3
6.187500000E3;7.882356113E-3
6.210937500E3;2.385866756E-3
6.234375000E3;1.653226712E-2
6.257812500E3;2.297532892E-2
6.281250000E3;3.150547569E-2
6.304687500E3;5.812708351E-3
6.328125000E3;1.788499441E-2
6.351562500E3;9.428614128E-3
6.375000000E3;1.093795887E-2
6.398437500E3;8.013090580E-3
6.421875000E3;2.372171559E-2
6.445312500E3;1.972552712E-2
6.468750000E3;2.529730112E-2
6.492187500E3;2.732471764E-2
6.515625000E3;1.735717590E-2
6.539062500E3;3.552920991E-2
6.562500000E3;1.188415919E-2
6.585937500E3;2.697640552E-2
6.609375000E3;4.110535348E-2
6.632812500E3;2.124967631E-2
6.656250000E3;8.771224312E-3
6.679687500E3;1.256748602E-2
6.703125000E3;1.294535373E-2
6.726562500E3;9.906587444E-3
6.750000000E3;3.216356125E-3
6.773437500E3;1.883604478E-2
6.796875000E3;7.174576852E-3
6.820312500E3;1.709555814E-2
6.843750000E3;8.134898964E-3
6.867187500E3;1.634623614E-3
6.890625000E3;4.464158739E-3
6.914062500E3;1.032049116E-2
6.937500000E3;1.224155162E-2
6.960937500E3;7.321014390E-3
6.984375000E3;1.694867710E-3
7.007812500E3;7.933460800E-3
7.031250000E3;1.718397145E-2
7.054687500E3;2.591716852E-2
7.078125000E3;1.967060652E-2
7.101562500E3;1.039687268E-2
7.125000000E3;2.496947179E-2
7.148437500E3;1.175301254E-2
7.171875000E3;1.552270669E-2
7.195312500E3;1.051580880E-2
7.218750000E3;2.536614867E-2
7.242187500E3;1.338496897E-2
7.265625000E3;1.815471339E-2
7.289062500E3;2.278553807E-2
7.312500000E3;3.601150994E-2
7.335937500E3;2.818210786E-2
7.359375000E3;1.890955673E-2
7.382812500E3;3.534561329E-2
7.406250000E3;5.268691650E-2
7.429687500E3;1.545492397E-2
7.453125000E3;4.605149218E-2
7.476562500E3;5.205249982E-3
7.500000000E3;2.604863763E-2
7.523437500E3;1.789798251E-2
7.546875000E3;8.387344627E-3
7.570312500E3;2.828672836E-2
7.593750000E3;1.456143742E-2
7.617187500E3;3.699614632E-2
7.640625000E3;2.220028146E-2
7.664062500E3;2.030955217E-2
7.687500000E3;2.341113900E-2
7.710937500E3;2.415324670E-2
7.734375000E3;3.066955551E-2
7.757812500E3;2.898857307E-2
7.781250000E3;2.273810486E-2
7.804687500E3;2.666571376E-2
7.828125000E3;2.312074641E-2
7.851562500E3;2.894344056E-2
7.875000000E3;1.350791848E-2
7.898437500E3;3.282406992E-2
7.921875000E3;3.884377200E-2
7.945312500E3;5.017798872E-2
7.968750000E3;1.146885296E-2
7.992187500E3;3.733520140E-3
8.015625000E3;2.142575875E-2
8.039062500E3;1.588952057E-2
8.062500000E3;6.988457648E-3
8.085937500E3;1.809730043E-2
8.109375000E3;3.872618154E-2
8.132812500E3;4.176103203E-2
8.156250000E3;8.420258611E-3
8.179687500E3;1.660294914E-3
8.203125000E3;1.588744154E-2
8.226562500E3;1.810251312E-2
8.250000000E3;2.230108747E-2
8.273437500E3;1.556564759E-2
8.296875000E3;5.701718305E-2
8.320312500E3;8.078908370E-3
8.343750000E3;2.405883622E-2
8.367187500E3;8.239560648E-3
8.390625000E3;9.419248095E-3
8.414062500E3;1.820171641E-2
8.437500000E3;7.461652024E-3
8.460937500E3;2.409163154E-2
8.484375000E3;1.396975900E-2
8.507812500E3;1.285715496E-2
8.531250000E3;3.609408037E-2
8.554687500E3;1.618307275E-2
8.578125000E3;5.408891564E-2
8.601562500E3;4.083444040E-2
8.625000000E3;1.983433300E-2
8.648437500E3;2.070770783E-2
8.671875000E3;3.582118089E-2
8.695312500E3;4.579600060E-2
8.718750000E3;4.509379521E-2
8.742187500E3;4.034046054E-2
8.765625000E3;2.248298658E-2
8.789062500E3;1.142580963E-2
8.812500000E3;2.555571667E-2
8.835937500E3;2.221553506E-2
8.859375000E3;1.787180522E-2
8.882812500E3;1.425680001E-2
8.906250000E3;8.809931626E-3
8.929687500E3;1.448873754E-2
8.953125000E3;1.501669433E-2
8.976562500E3;1.267802477E-2
9.000000000E3;2.740357727E-2
9.023437500E3;3.772290731E-2
9.046875000E3;3.096296286E-2
9.070312500E3;1.322179227E-2
9.093750000E3;1.236939415E-2
9.117187500E3;2.335249192E-2
9.140625000E3;2.015660594E-2
9.164062500E3;2.432620171E-2
9.187500000E3;3.750251276E-2
9.210937500E3;3.224351157E-2
9.234375000E3;1.053010950E-2
9.257812500E3;4.356097139E-2
9.281250000E3;5.309854598E-3
9.304687500E3;3.048007109E-3
9.328125000E3;3.365587027E-2
9.351562500E3;4.275057358E-2
9.375000000E3;1.379429607E-2
9.398437500E3;1.568951260E-2
9.421875000E3;4.063321695E-2
9.445312500E3;4.296792119E-2
9.468750000E3;1.851324273E-2
9.492187500E3;2.571904787E-2
9.515625000E3;7.671211443E-2
9.539062500E3;4.023745404E-2
9.562500000E3;3.044179123E-2
9.585937500E3;4.080860271E-2
9.609375000E3;5.154594125E-2
9.632812500E3;1.801909375E-2
9.656250000E3;1.612197766E-2
9.679687500E3;4.098277266E-2
9.703125000E3;4.855943011E-2
9.726562500E3;4.764685924E-2
9.750000000E3;3.905717915E-2
9.773437500E3;5.992554950E-2
9.796875000E3;2.692334229E-2
9.820312500E3;7.012028126E-3
9.843750000E3;3.707695917E-2
9.867187500E3;2.021868466E-2
9.890625000E3;2.936189706E-2
9.914062500E3;5.355379397E-2
9.937500000E3;1.744270918E-2
9.960937500E3;3.380605719E-2
9.984375000E3;5.729204963E-2
1.000781250E4;1.766840335E-2
1.003125000E4;6.171144050E-2
1.005468750E4;1.381478402E-2
1.007812500E4;3.536751065E-2
1.010156250E4;2.273888567E-2
1.012500000E4;5.285043894E-2
1.014843750E4;6.848587242E-2
1.017187500E4;9.984199227E-2
1.019531250E4;6.731743189E-2
1.021875000E4;7.434615678E-2
1.024218750E4;3.710127444E-2
1.026562500E4;1.472166813E-2
1.028906250E4;2.475869907E-2
1.031250000E4;2.209739377E-2
1.033593750E4;1.663323402E-2
1.035937500E4;1.078106280E-2
1.038281250E4;1.607309652E-2
1.040625000E4;1.557745024E-2
1.042968750E4;1.378252411E-2
1.045312500E4;1.848834952E-2
1.047656250E4;1.168812903E-2
1.050000000E4;1.042482900E-2
1.052343750E4;9.912977683E-3
1.054687500E4;2.953297563E-2
1.057031250E4;1.001792697E-2
1.059375000E4;2.909356894E-2
1.061718750E4;2.520859121E-2
1.064062500E4;3.086128134E-3
1.066406250E4;1.710283340E-2
1.068750000E4;4.401056260E-2
1.071093750E4;3.346066355E-2
1.073437500E4;4.366483720E-2
1.075781250E4;3.678939590E-2
1.078125000E4;3.889131726E-2
1.080468750E4;2.649651103E-2
1.082812500E4;2.428326097E-2
1.085156250E4;2.302462005E-2
1.087500000E4;2.594527709E-2
1.089843750E4;5.317827397E-2
1.092187500E4;8.832209106E-2
1.094531250E4;6.609022767E-2
1.096875000E4;5.522951532E-2
1.099218750E4;2.956783941E-2
1.101562500E4;2.693627352E-2
1.103906250E4;1.464192013E-2
1.106250000E4;3.598795388E-2
1.108593750E4;6.631416436E-2
1.110937500E4;5.277965621E-2
1.113281250E4;7.871705502E-2
1.115625000E4;5.126774409E-2
1.117968750E4;2.608344030E-2
1.120312500E4;6.196976222E-2
1.122656250E4;4.991707721E-2
1.125000000E4;6.422213432E-3
1.127343750E4;6.666906522E-2
1.129687500E4;1.048270284E-1
1.132031250E4;8.867658731E-2
1.134375000E4;3.397021610E-2
1.136718750E4;6.858309321E-2
1.139062500E4;2.236700561E-2
1.141406250E4;2.418130660E-2
1.143750000E4;1.948563007E-2
1.146093750E4;7.248335112E-2
1.148437500E4;6.768367986E-2
1.150781250E4;9.496610849E-2
1.153125000E4;3.078805227E-2
1.155468750E4;2.865834908E-2
1.157812500E4;4.009941092E-2
1.160156250E4;7.940096245E-2
1.162500000E4;8.005826068E-2
1.164843750E4;1.561412646E-1
1.167187500E4;9.881125183E-2
1.169531250E4;8.162232336E-2
1.171875000E4;5.546889076E-2
1.174218750E4;7.795223314E-2
1.176562500E4;6.700190992E-2
1.178906250E4;8.800131655E-2
1.181250000E4;9.235776671E-2
1.183593750E4;7.098514676E-2
1.185937500E4;3.686588944E-2
1.188281250E4;3.997176766E-2
1.190625000E4;4.465791544E-2
1.192968750E4;3.995326919E-2
1.195312500E4;5.681671371E-2
1.197656250E4;4.354112668E-2
1.200000000E4;2.310228121E-2
1.202343750E4;7.365405117E-3
1.204687500E4;2.587450125E-3
1.207031250E4;3.104702652E-2
1.209375000E4;5.567968252E-2
1.211718750E4;3.652015894E-2
1.214062500E4;2.741235119E-2
1.216406250E4;1.970959975E-2
1.218750000E4;4.590104485E-2
1.221093750E4;2.877337175E-2
1.223437500E4;1.286768706E-2
1.225781250E4;6.913079006E-2
1.228125000E4;4.049658484E-2
1.230468750E4;2.649901648E-2
1.232812500E4;3.093770695E-2
1.235156250E4;4.027907975E-2
1.237500000E4;4.285207640E-2
1.239843750E4;3.710176491E-2
1.242187500E4;6.217187105E-2
1.244531250E4;1.128905844E-1
1.246875000E4;1.048507473E-1
1.249218750E4;9.157662540E-2
1.251562500E4;4.317939874E-2
1.253906250E4;2.867534392E-2
1.256250000E4;1.913200766E-2
1.258593750E4;5.050853795E-2
1.260937500E4;2.624707458E-2
1.263281250E4;3.701434069E-2
1.265625000E4;6.855873491E-2
1.267968750E4;2.919856570E-2
1.270312500E4;6.817155297E-3
1.272656250E4;1.553231220E-2
1.275000000E4;2.854031899E-2
1.277343750E4;2.206948218E-2
1.279687500E4;6.418149276E-3
1.282031250E4;3.628460484E-2
1.284375000E4;4.466874748E-2
1.286718750E4;2.486184249E-2
1.289062500E4;1.927804093E-2
1.291406250E4;1.365563462E-2
1.293750000E4;1.464029420E-2
1.296093750E4;1.447982037E-2
1.298437500E4;1.257281341E-2
1.300781250E4;2.422264483E-2
1.303125000E4;5.696691738E-2
1.305468750E4;4.004242780E-2
1.307812500E4;4.102057950E-2
1.310156250E4;3.888490074E-2
1.312500000E4;5.483873894E-2
1.314843750E4;7.328939325E-3
1.317187500E4;3.994384396E-2
1.319531250E4;2.098624794E-2
1.321875000E4;1.668831662E-2
1.324218750E4;1.694274656E-2
1.326562500E4;2.740961420E-2
1.328906250E4;2.648414888E-2
1.331250000E4;2.707824985E-2
1.333593750E4;5.799096921E-3
1.335937500E4;6.389441263E-3
1.338281250E4;9.376788382E-3
1.340625000E4;2.047777609E-2
1.342968750E4;2.133317907E-2
1.345312500E4;1.833999468E-2
1.347656250E4;3.456607953E-2
1.350000000E4;1.670718113E-2
1.352343750E4;2.408324330E-2
1.354687500E4;4.467124421E-2
1.357031250E4;2.119182297E-2
1.359375000E4;1.423838845E-2
1.361718750E4;2.141677884E-2
1.364062500E4;2.409601164E-2
1.366406250E4;1.510903504E-2
1.368750000E4;2.585786485E-2
1.371093750E4;3.872638920E-3
1.373437500E4;3.752635998E-2
1.375781250E4;2.614881040E-2
1.378125000E4;1.174497196E-2
1.380468750E4;2.319871268E-2
1.382812500E4;3.422573762E-2
1.385156250E4;4.277603007E-2
1.387500000E4;3.995353747E-2
1.389843750E4;4.258952997E-2
1.392187500E4;2.804193071E-2
1.394531250E4;1.620230330E-2
1.396875000E4;1.348534551E-2
1.399218750E4;8.081815090E-3
1.401562500E4;3.646201406E-4
1.403906250E4;8.873070904E-3
1.406250000E4;2.210491235E-2
1.408593750E4;2.435891033E-2
1.410937500E4;1.192494631E-2
1.413281250E4;1.512431138E-2
1.415625000E4;2.019295020E-2
1.417968750E4;7.670737087E-3
1.420312500E4;1.060625813E-2
1.422656250E4;1.886607969E-2
1.425000000E4;1.150119292E-2
1.427343750E4;8.115024437E-3
1.429687500E4;9.132186299E-3
1.432031250E4;7.430668024E-3
1.434375000E4;2.101604282E-2
1.436718750E4;1.875087184E-2
1.439062500E4;5.760160572E-3
1.441406250E4;1.633139278E-2
1.443750000E4;2.492343438E-2
1.446093750E4;1.377891106E-2
1.448437500E4;1.028572432E-2
1.450781250E4;2.674262848E-2
1.453125000E4;4.203023769E-2
1.455468750E4;3.068686136E-2
1.457812500E4;3.643247757E-2
1.460156250E4;3.485973002E-2
1.462500000E4;1.125856477E-2
1.464843750E4;1.401383617E-2
1.467187500E4;3.353347911E-3
1.469531250E4;2.712983647E-2
1.471875000E4;2.427027827E-2
1.474218750E4;2.000866995E-2
1.476562500E4;1.522239710E-2
1.478906250E4;2.095813406E-2
1.481250000E4;1.652016161E-2
1.483593750E4;1.502818120E-2
1.485937500E4;1.175341406E-2
1.488281250E4;2.053629780E-2
1.490625000E4;1.484328292E-2
1.492968750E4;1.685486477E-2
1.495312500E4;1.386529139E-2
1.497656250E4;2.561537354E-2
1.500000000E4;2.932743992E-2
1.502343750E4;5.705921017E-3
1.504687500E4;6.063117605E-3
1.507031250E4;1.549940617E-2
1.509375000E4;9.787678061E-3
1.511718750E4;2.493160814E-2
1.514062500E4;2.018520899E-2
1.516406250E4;6.121737428E-3
1.518750000E4;1.565367923E-3
1.521093750E4;1.778864286E-2
1.523437500E4;5.672045731E-3
1.525781250E4;9.764699454E-3
1.528125000E4;3.564435688E-3
1.530468750E4;2.836054659E-3
1.532812500E4;3.944740023E-3
1.535156250E4;1.858657348E-3
1.537500000E4;2.501826310E-3
1.539843750E4;1.300113266E-2
1.542187500E4;7.652520768E-3
1.544531250E4;1.695529058E-2
1.546875000E4;5.749095296E-3
1.549218750E4;5.722203478E-3
1.551562500E4;7.689877677E-3
1.553906250E4;4.404359887E-3
1.556250000E4;1.206530092E-2
1.558593750E4;1.026466818E-2
1.560937500E4;2.065089825E-2
1.563281250E4;2.327183823E-2
1.565625000E4;1.091737313E-2
1.567968750E4;1.993426925E-2
1.570312500E4;1.224390396E-2
1.572656250E4;2.033721844E-2
1.575000000E4;2.318631220E-2
1.577343750E4;1.334459699E-2
1.579687500E4;8.603807328E-3
1.582031250E4;6.071083575E-3
1.584375000E4;4.159131592E-3
1.586718750E4;2.136430136E-3
1.589062500E4;4.270087712E-3
1.591406250E4;3.341433627E-3
1.593750000E4;1.941498718E-3
1.596093750E4;4.255191182E-3
1.598437500E4;7.059156589E-3
1.600781250E4;1.795828730E-3
1.603125000E4;5.888400615E-4
1.605468750E4;4.682995224E-3
1.607812500E4;2.549031649E-3
1.610156250E4;1.101166643E-3
1.612500000E4;2.728951420E-3
1.614843750E4;2.312798197E-3
1.617187500E4;1.406722622E-3
1.619531250E4;4.502631646E-3
1.621875000E4;1.185851629E-3
1.624218750E4;1.373681877E-3
1.626562500E4;3.666199410E-3
1.628906250E4;3.413897881E-3
1.631250000E4;1.106598637E-3
1.633593750E4;5.273584773E-3
1.635937500E4;1.282271649E-3
1.638281250E4;3.458613900E-3
1.640625000E4;3.449134897E-3
1.642968750E4;4.383829223E-3
1.645312500E4;2.684635565E-3
1.647656250E4;4.082593108E-3
1.650000000E4;8.677780724E-4
1.652343750E4;5.758424556E-3
1.654687500E4;2.534677529E-3
1.657031250E4;3.005676529E-3
1.659375000E4;5.685313368E-3
1.661718750E4;2.648605240E-3
1.664062500E4;2.691974079E-3
1.666406250E4;3.027358201E-3
1.668750000E4;1.256233246E-3
1.671093750E4;2.734261582E-3
1.673437500E4;2.353201442E-3
1.675781250E4;3.382434442E-3
1.678125000E4;1.810510339E-3
1.680468750E4;2.146315024E-3
1.682812500E4;3.566630335E-3
1.685156250E4;3.411863380E-3
1.687500000E4;2.401104319E-3
1.689843750E4;1.683846181E-3
1.692187500E4;3.844570984E-3
1.694531250E4;5.018508979E-3
1.696875000E4;2.337004224E-3
1.699218750E4;3.167279067E-3
1.701562500E4;2.210196826E-3
1.703906250E4;5.039215509E-3
1.706250000E4;2.295844036E-3
1.708593750E4;3.464354782E-3
1.710937500E4;1.065258798E-3
1.713281250E4;1.361301973E-3
1.715625000E4;4.507859104E-3
1.717968750E4;9.927467864E-4
1.720312500E4;3.103359426E-3
1.722656250E4;2.892436216E-3
1.725000000E4;1.632124997E-3
1.727343750E4;3.162958107E-3
1.729687500E4;1.564522125E-3
1.732031250E4;1.109569499E-3
1.734375000E4;3.361708592E-3
1.736718750E4;2.526025819E-3
1.739062500E4;2.283532448E-3
1.741406250E4;7.536196850E-4
1.743750000E4;1.668526250E-3
1.746093750E4;5.680997554E-4
1.748437500E4;2.560509114E-3
1.750781250E4;3.750652208E-4
1.753125000E4;1.835021322E-3
1.755468750E4;3.827021724E-3
1.757812500E4;3.651677597E-3
1.760156250E4;1.520479388E-3
1.762500000E4;1.228241843E-3
1.764843750E4;3.579490564E-3
1.767187500E4;7.071529729E-4
1.769531250E4;6.238623755E-3
1.771875000E4;2.272063326E-3
1.774218750E4;1.989917515E-3
1.776562500E4;1.934398374E-3
1.778906250E4;6.081270777E-4
1.781250000E4;1.761727293E-3
1.783593750E4;2.093353180E-3
1.785937500E4;1.587071703E-3
1.788281250E4;4.626335683E-3
1.790625000E4;2.787590847E-3
1.792968750E4;3.014199425E-3
1.795312500E4;2.686271617E-3
1.797656250E4;2.372798507E-3
1.800000000E4;3.762380100E-4
1.802343750E4;1.186595564E-3
1.804687500E4;1.382235239E-3
1.807031250E4;4.281253594E-3
1.809375000E4;1.412199689E-3
1.811718750E4;1.996336311E-3
1.814062500E4;1.943528759E-3
1.816406250E4;1.219210218E-3
1.818750000E4;3.910547747E-3
1.821093750E4;3.006466149E-3
1.823437500E4;3.261456661E-3
1.825781250E4;6.967847838E-5
1.828125000E4;2.145477090E-3
1.830468750E4;2.720552923E-3
1.832812500E4;1.673103299E-3
1.835156250E4;1.177955458E-3
1.837500000E4;3.098900622E-3
1.839843750E4;4.392238283E-3
1.842187500E4;2.263768601E-3
1.844531250E4;2.187240367E-3
1.846875000E4;2.665819188E-3
1.849218750E4;2.495583808E-3
1.851562500E4;9.266124133E-4
1.853906250E4;2.755470540E-3
1.856250000E4;2.141448414E-3
1.858593750E4;1.010367738E-3
1.860937500E4;1.563345420E-3
1.863281250E4;1.149552350E-3
1.865625000E4;3.063782344E-3
1.867968750E4;4.615443588E-3
1.870312500E4;1.239757051E-3
1.872656250E4;2.486773229E-3
1.875000000E4;1.443838882E-3
1.877343750E4;2.114373867E-3
1.879687500E4;1.366544025E-3
1.882031250E4;1.356541014E-3
1.884375000E4;3.413672097E-3
1.886718750E4;3.038281678E-3
1.889062500E4;3.350244148E-3
1.891406250E4;9.791804839E-4
1.893750000E4;4.252892127E-3
1.896093750E4;9.568898041E-4
1.898437500E4;5.613334367E-3
1.900781250E4;1.854055763E-3
1.903125000E4;1.592394794E-3
1.905468750E4;1.785286428E-3
1.907812500E4;1.264633070E-3
1.910156250E4;7.328262544E-4
1.912500000E4;2.532594129E-3
1.914843750E4;1.598036588E-3
1.917187500E4;1.409961719E-3
1.919531250E4;3.038886226E-3
1.921875000E4;1.060091363E-3
1.924218750E4;2.306814902E-3
1.926562500E4;2.369723177E-3
1.928906250E4;2.727017523E-3
1.931250000E4;2.020782738E-3
1.933593750E4;1.853134219E-3
1.935937500E4;1.194657426E-3
1.938281250E4;1.505239980E-3
1.940625000E4;1.918919529E-3
1.942968750E4;1.388986320E-3
1.945312500E4;4.326236476E-4
1.947656250E4;3.316170302E-3
1.950000000E4;3.548281302E-3
1.952343750E4;2.294462744E-3
1.954687500E4;1.112666282E-3
1.957031250E4;2.077578501E-3
1.959375000E4;1.643770385E-3
1.961718750E4;2.405708046E-3
1.964062500E4;1.074828260E-3
1.966406250E4;4.879858555E-3
1.968750000E4;6.340667149E-4
1.971093750E4;2.231641269E-3
1.973437500E4;2.481208593E-3
1.975781250E4;1.082622981E-3
1.978125000E4;2.104971420E-3
1.980468750E4;1.121985473E-3
1.982812500E4;2.390464330E-3
1.985156250E4;2.324120704E-3
1.987500000E4;4.197761090E-3
1.989843750E4;2.471680132E-3
1.992187500E4;1.830383561E-3
1.994531250E4;7.311457199E-4
1.996875000E4;2.952230365E-3
1.999218750E4;2.239791488E-3
2.001562500E4;2.187191691E-3
2.003906250E4;3.201179336E-3
2.006250000E4;2.216269716E-3
2.008593750E4;5.654758043E-4
2.010937500E4;2.972413776E-3
2.013281250E4;1.295256023E-3
2.015625000E4;1.051239421E-3
2.017968750E4;4.101563428E-3
2.020312500E4;3.055655250E-3
2.022656250E4;2.312481740E-3
2.025000000E4;2.949964259E-3
2.027343750E4;1.458668389E-3
2.029687500E4;2.599612600E-3
2.032031250E4;3.299275899E-3
2.034375000E4;1.860107930E-3
2.036718750E4;3.663044974E-3
2.039062500E4;1.792843405E-3
2.041406250E4;1.294805235E-3
2.043750000E4;2.889124560E-3
2.046093750E4;1.366724277E-3
2.048437500E4;2.027441094E-3
2.050781250E4;2.579100445E-3
2.053125000E4;1.302816395E-3
2.055468750E4;4.416030160E-4
2.057812500E4;1.383058286E-3
2.060156250E4;4.245081540E-3
2.062500000E4;2.225263885E-3
2.064843750E4;4.107759157E-3
2.067187500E4;2.551186707E-3
2.069531250E4;2.472097230E-3
2.071875000E4;2.265622710E-3
2.074218750E4;7.828545531E-4
2.076562500E4;1.185482672E-3
2.078906250E4;3.713184090E-4
2.081250000E4;7.845273228E-4
2.083593750E4;8.898826696E-4
2.085937500E4;1.504667328E-3
2.088281250E4;8.698379490E-4
2.090625000E4;1.055080833E-3
2.092968750E4;2.759238695E-3
2.095312500E4;1.488620485E-3
2.097656250E4;7.471365891E-4
2.100000000E4;2.324452033E-3
2.102343750E4;1.578747568E-3
2.104687500E4;1.635974468E-3
2.107031250E4;1.292468898E-3
2.109375000E4;1.449499435E-3
2.111718750E4;8.504310586E-4
2.114062500E4;8.164011638E-4
2.116406250E4;1.378551780E-3
2.118750000E4;1.082989494E-3
2.121093750E4;1.570040789E-3
2.123437500E4;9.963862400E-4
2.125781250E4;1.357223616E-3
2.128125000E4;1.513776691E-3
2.130468750E4;1.452136865E-3
2.132812500E4;1.467067476E-3
2.135156250E4;9.695752295E-4
2.137500000E4;1.678606487E-3
2.139843750E4;1.562208172E-3
2.142187500E4;1.054035372E-3
2.144531250E4;9.337842217E-4
2.146875000E4;1.181704979E-3
2.149218750E4;1.136176070E-3
2.151562500E4;1.205575095E-3
2.153906250E4;9.048301168E-4
2.156250000E4;1.358512952E-3
2.158593750E4;1.053804348E-3
2.160937500E4;1.256830658E-3
2.163281250E4;1.159627770E-3
2.165625000E4;1.297804939E-3
2.167968750E4;1.181893250E-3
2.170312500E4;1.209514090E-3
2.172656250E4;9.727353459E-4
2.175000000E4;1.305490928E-3
2.177343750E4;1.215538760E-3
2.179687500E4;1.133278920E-3
2.182031250E4;1.063647749E-3
2.184375000E4;1.043504761E-3
2.186718750E4;1.313917866E-3
2.189062500E4;1.136290455E-3
2.191406250E4;1.149098604E-3
2.193750000E4;1.187920774E-3
2.196093750E4;1.155169615E-3
2.198437500E4;1.193515352E-3
2.200781250E4;1.363024891E-3
2.203125000E4;1.199999706E-3
2.205468750E4;1.167923494E-3
2.207812500E4;1.182696722E-3
2.210156250E4;1.152951638E-3
2.212500000E4;1.024461205E-3
2.214843750E4;1.133291335E-3
2.217187500E4;1.127747260E-3
2.219531250E4;1.153527771E-3
2.221875000E4;1.187988514E-3
2.224218750E4;1.077548631E-3
2.226562500E4;1.109721196E-3
2.228906250E4;1.131156209E-3
2.231250000E4;1.131108638E-3
2.233593750E4;1.150198620E-3
2.235937500E4;1.119551958E-3
2.238281250E4;1.089291369E-3
2.240625000E4;1.084142548E-3
2.242968750E4;1.200850062E-3
2.245312500E4;1.107475514E-3
2.247656250E4;1.108071585E-3
2.250000000E4;1.124231681E-3
2.252343750E4;1.114794650E-3
2.254687500E4;1.103147202E-3
2.257031250E4;1.070160691E-3
2.259375000E4;1.168269935E-3
2.261718750E4;1.134402493E-3
2.264062500E4;1.172856329E-3
2.266406250E4;1.131101732E-3
2.268750000E4;1.121177968E-3
2.271093750E4;1.108836134E-3
2.273437500E4;1.144520326E-3
2.275781250E4;1.121919887E-3
2.278125000E4;1.137811442E-3
2.280468750E4;1.157902075E-3
2.282812500E4;1.139638890E-3
2.285156250E4;1.103346673E-3
2.287500000E4;1.096572111E-3
2.289843750E4;1.090548045E-3
2.292187500E4;1.081638345E-3
2.294531250E4;1.126017007E-3
2.296875000E4;1.077926566E-3
2.299218750E4;1.115212021E-3
2.301562500E4;1.091784131E-3
2.303906250E4;1.059524399E-3
2.306250000E4;1.143592888E-3
2.308593750E4;1.076682861E-3
2.310937500E4;1.098504982E-3
2.313281250E4;1.178433570E-3
2.315625000E4;1.103375923E-3
2.317968750E4;1.100357740E-3
2.320312500E4;1.069998478E-3
2.322656250E4;1.092202366E-3
2.325000000E4;1.107751782E-3
2.327343750E4;1.138764101E-3
2.329687500E4;1.099637479E-3
2.332031250E4;1.118666508E-3
2.334375000E4;1.109139944E-3
2.336718750E4;1.103106478E-3
2.339062500E4;1.099166603E-3
2.341406250E4;1.090948063E-3
2.343750000E4;1.155196303E-3
2.346093750E4;1.133288068E-3
2.348437500E4;1.081331753E-3
2.350781250E4;1.125541578E-3
2.353125000E4;1.075295837E-3
2.355468750E4;1.141421734E-3
2.357812500E4;1.112610133E-3
2.360156250E4;1.109887402E-3
2.362500000E4;1.084076288E-3
2.364843750E4;1.142727259E-3
2.367187500E4;1.125984969E-3
2.369531250E4;1.150868357E-3
2.371875000E4;1.057420648E-3
2.374218750E4;1.106615920E-3
2.376562500E4;1.096848569E-3
2.378906250E4;1.084523709E-3
2.381250000E4;1.131248377E-3
2.383593750E4;1.153011486E-3
2.385937500E4;1.081289670E-3
2.388281250E4;1.108830387E-3
2.390625000E4;1.106680192E-3
2.392968750E4;1.114268012E-3
2.395312500E4;1.149846804E-3
2.397656250E4;1.090941358E-3